[{"model": "admin.logentry", "pk": 4, "fields": {"action_time": "2024-08-02T17:00:09.276", "user": 5, "content_type": 8, "object_id": "3", "object_repr": "Course 3 by sjp0805@naver.com", "action_flag": 2, "change_message": "[{\"changed\": {\"fields\": [\"Like\", \"Like count\"]}}]"}}, {"model": "admin.logentry", "pk": 5, "fields": {"action_time": "2024-08-02T17:00:19.181", "user": 5, "content_type": 8, "object_id": "3", "object_repr": "Course 3 by sjp0805@naver.com", "action_flag": 2, "change_message": "[{\"changed\": {\"fields\": [\"Like count\"]}}]"}}, {"model": "admin.logentry", "pk": 6, "fields": {"action_time": "2024-08-02T17:14:50.127", "user": 5, "content_type": 8, "object_id": "2", "object_repr": "Course 2 by warmday777@gmail.com", "action_flag": 2, "change_message": "[{\"changed\": {\"fields\": [\"Like\", \"Like count\"]}}]"}}, {"model": "admin.logentry", "pk": 7, "fields": {"action_time": "2024-08-02T17:15:02.246", "user": 5, "content_type": 8, "object_id": "2", "object_repr": "Course 2 by warmday777@gmail.com", "action_flag": 2, "change_message": "[{\"changed\": {\"fields\": [\"Like count\"]}}]"}}, {"model": "admin.logentry", "pk": 8, "fields": {"action_time": "2024-08-03T16:41:40.257", "user": 5, "content_type": 8, "object_id": "29", "object_repr": "Course 29 by sjp0805@naver.com", "action_flag": 3, "change_message": ""}}, {"model": "admin.logentry", "pk": 9, "fields": {"action_time": "2024-08-03T16:41:54.994", "user": 5, "content_type": 8, "object_id": "27", "object_repr": "Course 27 by sjp0805@naver.com", "action_flag": 3, "change_message": ""}}, {"model": "admin.logentry", "pk": 10, "fields": {"action_time": "2024-08-03T16:42:03.476", "user": 5, "content_type": 8, "object_id": "24", "object_repr": "Course 24 by sjp0805@naver.com", "action_flag": 3, "change_message": ""}}, {"model": "admin.logentry", "pk": 11, "fields": {"action_time": "2024-08-03T16:42:29.606", "user": 5, "content_type": 8, "object_id": "28", "object_repr": "Course 28 by sjp0805@naver.com", "action_flag": 3, "change_message": ""}}, {"model": "admin.logentry", "pk": 12, "fields": {"action_time": "2024-08-03T16:42:29.607", "user": 5, "content_type": 8, "object_id": "25", "object_repr": "Course 25 by sjp0805@naver.com", "action_flag": 3, "change_message": ""}}, {"model": "admin.logentry", "pk": 13, "fields": {"action_time": "2024-08-03T16:42:29.608", "user": 5, "content_type": 8, "object_id": "23", "object_repr": "Course 23 by sjp0805@naver.com", "action_flag": 3, "change_message": ""}}, {"model": "admin.logentry", "pk": 14, "fields": {"action_time": "2024-08-03T16:42:29.609", "user": 5, "content_type": 8, "object_id": "22", "object_repr": "Course 22 by sjp0805@naver.com", "action_flag": 3, "change_message": ""}}, {"model": "admin.logentry", "pk": 15, "fields": {"action_time": "2024-08-03T16:42:29.610", "user": 5, "content_type": 8, "object_id": "21", "object_repr": "Course 21 by sjp0805@naver.com", "action_flag": 3, "change_message": ""}}, {"model": "admin.logentry", "pk": 16, "fields": {"action_time": "2024-08-03T16:42:29.611", "user": 5, "content_type": 8, "object_id": "20", "object_repr": "Course 20 by sjp0805@naver.com", "action_flag": 3, "change_message": ""}}, {"model": "admin.logentry", "pk": 17, "fields": {"action_time": "2024-08-03T16:42:29.611", "user": 5, "content_type": 8, "object_id": "19", "object_repr": "Course 19 by sjp0805@naver.com", "action_flag": 3, "change_message": ""}}, {"model": "admin.logentry", "pk": 18, "fields": {"action_time": "2024-08-03T16:42:29.612", "user": 5, "content_type": 8, "object_id": "18", "object_repr": "Course 18 by sjp0805@naver.com", "action_flag": 3, "change_message": ""}}, {"model": "admin.logentry", "pk": 19, "fields": {"action_time": "2024-08-03T16:42:29.613", "user": 5, "content_type": 8, "object_id": "17", "object_repr": "Course 17 by sjp0805@naver.com", "action_flag": 3, "change_message": ""}}, {"model": "admin.logentry", "pk": 20, "fields": {"action_time": "2024-08-03T16:42:29.614", "user": 5, "content_type": 8, "object_id": "16", "object_repr": "Course 16 by sjp0805@naver.com", "action_flag": 3, "change_message": ""}}, {"model": "admin.logentry", "pk": 21, "fields": {"action_time": "2024-08-03T16:42:29.615", "user": 5, "content_type": 8, "object_id": "15", "object_repr": "Course 15 by sjp0805@naver.com", "action_flag": 3, "change_message": ""}}, {"model": "admin.logentry", "pk": 22, "fields": {"action_time": "2024-08-03T16:42:29.616", "user": 5, "content_type": 8, "object_id": "14", "object_repr": "Course 14 by sjp0805@naver.com", "action_flag": 3, "change_message": ""}}, {"model": "admin.logentry", "pk": 23, "fields": {"action_time": "2024-08-03T16:42:29.617", "user": 5, "content_type": 8, "object_id": "2", "object_repr": "Course 2 by warmday777@gmail.com", "action_flag": 3, "change_message": ""}}, {"model": "admin.logentry", "pk": 24, "fields": {"action_time": "2024-08-03T16:42:29.618", "user": 5, "content_type": 8, "object_id": "1", "object_repr": "Course 1 by minwin0130@hanmail.net", "action_flag": 3, "change_message": ""}}, {"model": "auth.permission", "pk": 1, "fields": {"name": "Can add log entry", "content_type": 1, "codename": "add_logentry"}}, {"model": "auth.permission", "pk": 2, "fields": {"name": "Can change log entry", "content_type": 1, "codename": "change_logentry"}}, {"model": "auth.permission", "pk": 3, "fields": {"name": "Can delete log entry", "content_type": 1, "codename": "delete_logentry"}}, {"model": "auth.permission", "pk": 4, "fields": {"name": "Can view log entry", "content_type": 1, "codename": "view_logentry"}}, {"model": "auth.permission", "pk": 5, "fields": {"name": "Can add permission", "content_type": 2, "codename": "add_permission"}}, {"model": "auth.permission", "pk": 6, "fields": {"name": "Can change permission", "content_type": 2, "codename": "change_permission"}}, {"model": "auth.permission", "pk": 7, "fields": {"name": "Can delete permission", "content_type": 2, "codename": "delete_permission"}}, {"model": "auth.permission", "pk": 8, "fields": {"name": "Can view permission", "content_type": 2, "codename": "view_permission"}}, {"model": "auth.permission", "pk": 9, "fields": {"name": "Can add group", "content_type": 3, "codename": "add_group"}}, {"model": "auth.permission", "pk": 10, "fields": {"name": "Can change group", "content_type": 3, "codename": "change_group"}}, {"model": "auth.permission", "pk": 11, "fields": {"name": "Can delete group", "content_type": 3, "codename": "delete_group"}}, {"model": "auth.permission", "pk": 12, "fields": {"name": "Can view group", "content_type": 3, "codename": "view_group"}}, {"model": "auth.permission", "pk": 13, "fields": {"name": "Can add content type", "content_type": 4, "codename": "add_contenttype"}}, {"model": "auth.permission", "pk": 14, "fields": {"name": "Can change content type", "content_type": 4, "codename": "change_contenttype"}}, {"model": "auth.permission", "pk": 15, "fields": {"name": "Can delete content type", "content_type": 4, "codename": "delete_contenttype"}}, {"model": "auth.permission", "pk": 16, "fields": {"name": "Can view content type", "content_type": 4, "codename": "view_contenttype"}}, {"model": "auth.permission", "pk": 17, "fields": {"name": "Can add session", "content_type": 5, "codename": "add_session"}}, {"model": "auth.permission", "pk": 18, "fields": {"name": "Can change session", "content_type": 5, "codename": "change_session"}}, {"model": "auth.permission", "pk": 19, "fields": {"name": "Can delete session", "content_type": 5, "codename": "delete_session"}}, {"model": "auth.permission", "pk": 20, "fields": {"name": "Can view session", "content_type": 5, "codename": "view_session"}}, {"model": "auth.permission", "pk": 21, "fields": {"name": "Can add site", "content_type": 6, "codename": "add_site"}}, {"model": "auth.permission", "pk": 22, "fields": {"name": "Can change site", "content_type": 6, "codename": "change_site"}}, {"model": "auth.permission", "pk": 23, "fields": {"name": "Can delete site", "content_type": 6, "codename": "delete_site"}}, {"model": "auth.permission", "pk": 24, "fields": {"name": "Can view site", "content_type": 6, "codename": "view_site"}}, {"model": "auth.permission", "pk": 25, "fields": {"name": "Can add user", "content_type": 7, "codename": "add_user"}}, {"model": "auth.permission", "pk": 26, "fields": {"name": "Can change user", "content_type": 7, "codename": "change_user"}}, {"model": "auth.permission", "pk": 27, "fields": {"name": "Can delete user", "content_type": 7, "codename": "delete_user"}}, {"model": "auth.permission", "pk": 28, "fields": {"name": "Can view user", "content_type": 7, "codename": "view_user"}}, {"model": "auth.permission", "pk": 29, "fields": {"name": "Can add course", "content_type": 8, "codename": "add_course"}}, {"model": "auth.permission", "pk": 30, "fields": {"name": "Can change course", "content_type": 8, "codename": "change_course"}}, {"model": "auth.permission", "pk": 31, "fields": {"name": "Can delete course", "content_type": 8, "codename": "delete_course"}}, {"model": "auth.permission", "pk": 32, "fields": {"name": "Can view course", "content_type": 8, "codename": "view_course"}}, {"model": "auth.permission", "pk": 33, "fields": {"name": "Can add diary", "content_type": 9, "codename": "add_diary"}}, {"model": "auth.permission", "pk": 34, "fields": {"name": "Can change diary", "content_type": 9, "codename": "change_diary"}}, {"model": "auth.permission", "pk": 35, "fields": {"name": "Can delete diary", "content_type": 9, "codename": "delete_diary"}}, {"model": "auth.permission", "pk": 36, "fields": {"name": "Can view diary", "content_type": 9, "codename": "view_diary"}}, {"model": "auth.permission", "pk": 37, "fields": {"name": "Can add subway", "content_type": 10, "codename": "add_subway"}}, {"model": "auth.permission", "pk": 38, "fields": {"name": "Can change subway", "content_type": 10, "codename": "change_subway"}}, {"model": "auth.permission", "pk": 39, "fields": {"name": "Can delete subway", "content_type": 10, "codename": "delete_subway"}}, {"model": "auth.permission", "pk": 40, "fields": {"name": "Can view subway", "content_type": 10, "codename": "view_subway"}}, {"model": "auth.permission", "pk": 41, "fields": {"name": "Can add Token", "content_type": 11, "codename": "add_token"}}, {"model": "auth.permission", "pk": 42, "fields": {"name": "Can change Token", "content_type": 11, "codename": "change_token"}}, {"model": "auth.permission", "pk": 43, "fields": {"name": "Can delete Token", "content_type": 11, "codename": "delete_token"}}, {"model": "auth.permission", "pk": 44, "fields": {"name": "Can view Token", "content_type": 11, "codename": "view_token"}}, {"model": "auth.permission", "pk": 45, "fields": {"name": "Can add Token", "content_type": 12, "codename": "add_tokenproxy"}}, {"model": "auth.permission", "pk": 46, "fields": {"name": "Can change Token", "content_type": 12, "codename": "change_tokenproxy"}}, {"model": "auth.permission", "pk": 47, "fields": {"name": "Can delete Token", "content_type": 12, "codename": "delete_tokenproxy"}}, {"model": "auth.permission", "pk": 48, "fields": {"name": "Can view Token", "content_type": 12, "codename": "view_tokenproxy"}}, {"model": "auth.permission", "pk": 49, "fields": {"name": "Can add blacklisted token", "content_type": 13, "codename": "add_blacklistedtoken"}}, {"model": "auth.permission", "pk": 50, "fields": {"name": "Can change blacklisted token", "content_type": 13, "codename": "change_blacklistedtoken"}}, {"model": "auth.permission", "pk": 51, "fields": {"name": "Can delete blacklisted token", "content_type": 13, "codename": "delete_blacklistedtoken"}}, {"model": "auth.permission", "pk": 52, "fields": {"name": "Can view blacklisted token", "content_type": 13, "codename": "view_blacklistedtoken"}}, {"model": "auth.permission", "pk": 53, "fields": {"name": "Can add outstanding token", "content_type": 14, "codename": "add_outstandingtoken"}}, {"model": "auth.permission", "pk": 54, "fields": {"name": "Can change outstanding token", "content_type": 14, "codename": "change_outstandingtoken"}}, {"model": "auth.permission", "pk": 55, "fields": {"name": "Can delete outstanding token", "content_type": 14, "codename": "delete_outstandingtoken"}}, {"model": "auth.permission", "pk": 56, "fields": {"name": "Can view outstanding token", "content_type": 14, "codename": "view_outstandingtoken"}}, {"model": "auth.permission", "pk": 57, "fields": {"name": "Can add email address", "content_type": 15, "codename": "add_emailaddress"}}, {"model": "auth.permission", "pk": 58, "fields": {"name": "Can change email address", "content_type": 15, "codename": "change_emailaddress"}}, {"model": "auth.permission", "pk": 59, "fields": {"name": "Can delete email address", "content_type": 15, "codename": "delete_emailaddress"}}, {"model": "auth.permission", "pk": 60, "fields": {"name": "Can view email address", "content_type": 15, "codename": "view_emailaddress"}}, {"model": "auth.permission", "pk": 61, "fields": {"name": "Can add email confirmation", "content_type": 16, "codename": "add_emailconfirmation"}}, {"model": "auth.permission", "pk": 62, "fields": {"name": "Can change email confirmation", "content_type": 16, "codename": "change_emailconfirmation"}}, {"model": "auth.permission", "pk": 63, "fields": {"name": "Can delete email confirmation", "content_type": 16, "codename": "delete_emailconfirmation"}}, {"model": "auth.permission", "pk": 64, "fields": {"name": "Can view email confirmation", "content_type": 16, "codename": "view_emailconfirmation"}}, {"model": "auth.permission", "pk": 65, "fields": {"name": "Can add social account", "content_type": 17, "codename": "add_socialaccount"}}, {"model": "auth.permission", "pk": 66, "fields": {"name": "Can change social account", "content_type": 17, "codename": "change_socialaccount"}}, {"model": "auth.permission", "pk": 67, "fields": {"name": "Can delete social account", "content_type": 17, "codename": "delete_socialaccount"}}, {"model": "auth.permission", "pk": 68, "fields": {"name": "Can view social account", "content_type": 17, "codename": "view_socialaccount"}}, {"model": "auth.permission", "pk": 69, "fields": {"name": "Can add social application", "content_type": 18, "codename": "add_socialapp"}}, {"model": "auth.permission", "pk": 70, "fields": {"name": "Can change social application", "content_type": 18, "codename": "change_socialapp"}}, {"model": "auth.permission", "pk": 71, "fields": {"name": "Can delete social application", "content_type": 18, "codename": "delete_socialapp"}}, {"model": "auth.permission", "pk": 72, "fields": {"name": "Can view social application", "content_type": 18, "codename": "view_socialapp"}}, {"model": "auth.permission", "pk": 73, "fields": {"name": "Can add social application token", "content_type": 19, "codename": "add_socialtoken"}}, {"model": "auth.permission", "pk": 74, "fields": {"name": "Can change social application token", "content_type": 19, "codename": "change_socialtoken"}}, {"model": "auth.permission", "pk": 75, "fields": {"name": "Can delete social application token", "content_type": 19, "codename": "delete_socialtoken"}}, {"model": "auth.permission", "pk": 76, "fields": {"name": "Can view social application token", "content_type": 19, "codename": "view_socialtoken"}}, {"model": "contenttypes.contenttype", "pk": 1, "fields": {"app_label": "admin", "model": "logentry"}}, {"model": "contenttypes.contenttype", "pk": 2, "fields": {"app_label": "auth", "model": "permission"}}, {"model": "contenttypes.contenttype", "pk": 3, "fields": {"app_label": "auth", "model": "group"}}, {"model": "contenttypes.contenttype", "pk": 4, "fields": {"app_label": "contenttypes", "model": "contenttype"}}, {"model": "contenttypes.contenttype", "pk": 5, "fields": {"app_label": "sessions", "model": "session"}}, {"model": "contenttypes.contenttype", "pk": 6, "fields": {"app_label": "sites", "model": "site"}}, {"model": "contenttypes.contenttype", "pk": 7, "fields": {"app_label": "accounts", "model": "user"}}, {"model": "contenttypes.contenttype", "pk": 8, "fields": {"app_label": "user", "model": "course"}}, {"model": "contenttypes.contenttype", "pk": 9, "fields": {"app_label": "user", "model": "diary"}}, {"model": "contenttypes.contenttype", "pk": 10, "fields": {"app_label": "user", "model": "subway"}}, {"model": "contenttypes.contenttype", "pk": 11, "fields": {"app_label": "authtoken", "model": "token"}}, {"model": "contenttypes.contenttype", "pk": 12, "fields": {"app_label": "authtoken", "model": "tokenproxy"}}, {"model": "contenttypes.contenttype", "pk": 13, "fields": {"app_label": "token_blacklist", "model": "blacklistedtoken"}}, {"model": "contenttypes.contenttype", "pk": 14, "fields": {"app_label": "token_blacklist", "model": "outstandingtoken"}}, {"model": "contenttypes.contenttype", "pk": 15, "fields": {"app_label": "account", "model": "emailaddress"}}, {"model": "contenttypes.contenttype", "pk": 16, "fields": {"app_label": "account", "model": "emailconfirmation"}}, {"model": "contenttypes.contenttype", "pk": 17, "fields": {"app_label": "socialaccount", "model": "socialaccount"}}, {"model": "contenttypes.contenttype", "pk": 18, "fields": {"app_label": "socialaccount", "model": "socialapp"}}, {"model": "contenttypes.contenttype", "pk": 19, "fields": {"app_label": "socialaccount", "model": "socialtoken"}}, {"model": "sessions.session", "pk": "0ao1l1dgephty00nmog3cmxrs6dnxbtw", "fields": {"session_data": ".eJxlkM1uhDAMhN_FZ4Tyh0M49t4nqCpknFBSdpMKQi-rffdCl8u2N8vfzFjjGxBz3lLpaStTSCUylZhTfw1lyn6F7u0Gjxk6WDNHupwOqIAKdNIqhVJpi7UQ2EiHFXwt-Tv6sOyWmWbKu3SLR4BG3aJBaRu4v1fwe7Tf1rD0DwxPu4F4DukA_pPSR645p7LEoT4k9UnX-jX7cHk5tU8BE63T7m4CW8vY0qjIae8VC-JBSOWc5oBeosXGax7kSEaOTngleFRaC9W2ZNTR9P-Xgu__9pdOaGPuP1hRbVY:1sZuAa:0YnVCG4vO4KuoJ01SJkEIQMoIOoAeUm0SuK7J5ORb2o", "expire_date": "2024-08-17T00:26:16.025"}}, {"model": "sessions.session", "pk": "0y3b07829d5x2xwxku68utvdc6hsvklk", "fields": {"session_data": ".eJxlkM1uhDAMhN_FZxTlj4Rw7L1PUFXIOKGk7CYVCb2s9t0LXS7b3ix_M2ONb4BEeUt1wK3OIdVIWGNOwzXUOfsC_dsNHjP0UDJFvJwOaAAr9MJK4ZzgUjBtTaeVaeBrzd_Rh3W3LLhg3qVbPAKUUZ3RRtgW7u8N_B4dthLW4YHhaTciLSEdwH9i-siMcqprHNkhYSct7DX7cHk5tU8BM5Z5d7eBrCXT4STRKe8lcaSRC-mcomC8MNa0XtEoJtRictxLTpNUisuuQy2Ppv-_FPzwt7-TolX3H_KjbSw:1sXIWj:z-BWA_wXDPc3MJx2c_HpYqhmRj98ZNHdqeGHdV6yRtE", "expire_date": "2024-08-09T19:50:21.524"}}, {"model": "sessions.session", "pk": "1b6b664rzb5s8pde71l1tpq1l5wpgeyj", "fields": {"session_data": ".eJxlkM1uhDAMhN_FZ4SSEPLDsfd9gqpCdmKVlG1SQehlte9e2HLZ9mb5mxlrfAMMoWy5jrjViXNNAWsqefzkOpW4wvB6g98ZBlhLSHg9HdAAVhikVUoIKaxvve218aaBr6V8p8jLbplxxrJLt3QEdEY625m-7-D-1sDj6LitvIwPrOBpRxhmzgeIH5jfSxtKrkui9pC0J13bS4l8fTm1TwETrtPudk4wO9KKeqmFRWtDcBxUZPJOSqEDkXCKvHBWyJ41MzrtozUUicgcTf9_ieP4t78zRuj7D-i8bXU:1sXL8x:GFvCCuY511sK1Wr-cdN1f_pgpI7I_zz78KlMYpREtfA", "expire_date": "2024-08-09T22:37:59.994"}}, {"model": "sessions.session", "pk": "1guoqp1srzgjfwrtxrxmquju8yltdf7l", "fields": {"session_data": ".eJxVj8FuwyAQRP-Fc4VgccD4mHu-Aa13l5rWwZKNc6n677Gl5JDrvJknzZ9ComWvLT1kLbkIJ7ljmdVQ93n-Ugn3NqV9kzUVVoNy6iMbkX6lnoB_sH4vmpba1jLqs6JfdNO3hWW-vrofggm36VhfhEIg32MGjI4ZyCCNxkKMjsSz9cFf2NFoM3Y2R8NgKINzBvoeOzik7x-nW2orhO04g00NNoCNvQdvdLCdC_D_BIfPUVI:1sXHHw:dEgmpPkfCjsfVmAj03GY8hFXeqvBTd28uYwqlKwBlPk", "expire_date": "2024-08-09T18:31:00.722"}}, {"model": "sessions.session", "pk": "1j6ox5jbqt1b8waie7n5115wa49zk0es", "fields": {"session_data": ".eJxlUEtuhDAMvYvXKMoHEmDZfU9QVZFxQkmZSSoSuhnN3Rs6bKb1xpbfx3q-ARKlPRaLe1l8LIGwhBTt1ZcluQzj2w0eM4yQEwW8nApoAAuMwshaqhct462sTTXwtaXv4PxWJSuumCp1D4eB0qrXrRamg_t7A79H7Z79Zh8wPO0mpNXHA3CfGD8SoxTLFiZ2UNiJZvaanL-8nNwngwXzUtWdJ2NI9zhLHJRzkjjSxIUcBkVeO6GN7pyiSczYinngTnKapVJc9j228kj6_0ve2b_5O2WMuf8A4PRtHw:1sYH5S:EGe9m9P_NZ4FhJTBT8R8HNF38YUcvXzzmoFTA_Py9fs", "expire_date": "2024-08-12T12:30:14.060"}}, {"model": "sessions.session", "pk": "1s3kw1grmydvcssxe6dbj0z6s57ueajc", "fields": {"session_data": ".eJxlUEtuhDAMvYvXCCUOBMKy-56gqiLjhJIyk1QkdDOauxc6bKZd-fM-1vMNiDltsVjayuxjCUwlpGivvszJZRjebvDoYYCcONDlVEAFVGCQHSIqg2jqVu6DwQq-1vQdnF93yUILpZ26hcNAadXrRsuuhft7Bb9H7Zb9ah8wPO1G4sXHA3CfFD9SzSmWNYz1QalPNNevyfnLy8l9Mpgpz7u69dx1rHuakIxyDlkQj0KiMYq9dlJ3unWKRzlRIycjHAqeUCmBfU8NHkn_f8k7-zf_XiXefwDtmW0r:1sYL65:XKPmVB9kMRLY92hGaAoptH4Vh41KQ0bBpXWoUYl57RI", "expire_date": "2024-08-12T16:47:09.531"}}, {"model": "sessions.session", "pk": "1t9bfvjebwj9dsqrwvknpkfbkz2qnwn9", "fields": {"session_data": ".eJxlkMFuhDAMRP_FZ4SSEIjh2Pt-QVUhO7FKyjapIPSy2n8vbLlse7M882zN3IC8z1sqI21lklSipxJzGj-lTDmsMLze4HeGAdbsI11PAiqgAoN2xiilbY-16rVxtoKvJX_HIMtOzDRT3p1bPPim0-iarm0buL9V8Pg5bqss40M28LRj8rOkQwgflN5z7XMqS-T6sNSnutaXHOT6cnqfDky0TjuNqESQreFWW-XIOe9RvAnCPWqtrGdWaLhX6JRuxYoQ2j64jgMzd0fQ_yVJGP_E16rRDZr7D_dSbVk:1sXLFi:1bCEDNHFcSLZct7-X_j8UD8vhXd8pQYUXu189OIe9F0", "expire_date": "2024-08-09T22:44:58.110"}}, {"model": "sessions.session", "pk": "2wcw5rew3j2gv3qj9g5odp8xz1bve163", "fields": {"session_data": ".eJxlkM1uhDAMhN_FZ4Ty_8Ox9z5BVSHjhJKym1QQelntuxe6XLa9Wf5mxhrfAInKlmuPW51iromwppL7a6xTCSt0bzd4zNDBWijh5XRAA1ih41Zw77mSqlWOa21dA19L-U4hLrtlxhnLLt3SESCNdEYZbjXc3xv4Pdpva1z6B4an3YA0x3yA8In5o7RUcl3S0B6S9qRr-1pCvLyc2qeACddpd-tI1pJxOAr0MgRBDGlgXHgvKZrAjTU6SBr4iIqPngXBaBRSMuEcKnE0_f-lGPq__b3UWt5_APtIbUE:1sXIdO:_gUt2xtcEbY4vtSfkoMhtN4Y4zjriWN5LX-0j72yyb0", "expire_date": "2024-08-09T19:57:14.501"}}, {"model": "sessions.session", "pk": "2zljf0zkx6n29dphh965p78av88js166", "fields": {"session_data": ".eJxlkMFuhDAMRP_FZ4SIExLCsfd-QVUh44SSsptUJPSy2n8vdLlse7P8ZsYa34CY0xbLQFuZfSyBqYQUh6svc3IZ-rcbPGboIScOdDkdUAEV6IVBRGWsNbWQWqOSFXyt6Ts4v-6WhRZKu3QLR4DUstNKC9PC_b2C36PDlv06PDA87UbixccDuE-KH6nmFMsaxvqQ1CfN9Wty_vJyap8CZsrz7m49G8O6ownJSueQG-KxEWitZK-d0Ea3TvIoJlJiso3DhieUssGuI4VH0_9f8m74218ZNFLefwBktm10:1sYNNV:PhV8U9o1zcOeqw3Vq5ctRqIsAIJGPCeuoBoZ8nY41A0", "expire_date": "2024-08-12T19:13:17.154"}}, {"model": "sessions.session", "pk": "32c4bnirkg6iq8lijavemtdfydln193a", "fields": {"session_data": ".eJxlUEtuhDAMvYvXCBHIx7Dsfk5QVchOrJIyTSoI3Yzm7oUpm2m9svx-er4BeZ-3VEbayiSpRE8l5jR-SplyWGF4vcHvDgOs2Ue6ngqogAoMyrX7qM6ZGo1F1KaCryV_xyDLLplpprxTt3gYdFah66wxHdzfKniEjtsqy_iAW3i6MflZ0gGED0rvufY5lSVyfVDqE13rSw5yfTm5TwYTrdOuRmxEkHXLRunGkXPeo_g2CPeoVKM9c4Mt9w26RhnRIoS6D85yYGZ7NP3_JQnj3_5u91f2_gNXb22o:1sYGS7:E_nfO_mhvRlUoF7kKCLHpBObrR4V1liSiPFvn9LeVOQ", "expire_date": "2024-08-12T11:49:35.986"}}, {"model": "sessions.session", "pk": "3y72446m4n1487wpc1g3fo3qd0vdnqiw", "fields": {"session_data": ".eJxlkM1uhDAMhN_FZ4SSkB_Dsfd9gqpCTmKVlG1SQehlte9e2HJZ7c3yNzPW-AYUQtlyHWmrE-eaAtVU8vjNdSpxheH9Bv8zDLCWkOh6OqABqjBIp5S1HVrRGiuwM7KBn6X8psjLbplpprJLt3QEdFai66wxHdw_GngcHbeVl_GBFTztPIWZ8wHiF-XP0oaS65J8e0jak67tpUS-vp3ap4CJ1ml3Iwpm9Fp5I7Vw5FwIyEFF9j1KKXTwXqDyvUAnpGHNTKj76KyP3nt7NH39Esfxpb9W2OH9D1E1ba4:1sa7Yy:Tz0XDz9M7HmAbDIBsVuog8qYSXyu-EYchz0cV1dfb6s", "expire_date": "2024-08-17T14:44:20.610"}}, {"model": "sessions.session", "pk": "47fftipj37vzujqxz95v3ze1t65wz75l", "fields": {"session_data": ".eJxlkM1uhDAMhN_FZ4SSkD849r5PUFXITqySsk0qCL2s9t0LWy7b3ix_M2ONb4AhlC3XEbc6ca4pYE0lj59cpxJXGF5v8DvDAGsJCa-nAxrACoN0SkmjjbKtUc51TjbwtZTvFHnZLTPOWHbplo6AzkrvOmtMB_e3Bh5Hx23lZXxgBU87wjBzPkD8wPxe2lByXRK1h6Q96dpeSuTry6l9CphwnXa394LZk1ZkpBYOnQvBc1CRqfdSCh2IhFfUC--ENKyZ0es-OkuRiOzR9P-XOI5_-2vRdfb-A-DvbWc:1sXz3u:jhcEn3HEe93pPx_2Xy2A4gmg7rZLGrtOB_Zz_8z9Nhg", "expire_date": "2024-08-11T17:15:26.599"}}, {"model": "sessions.session", "pk": "4emf3oclhix5458hnln9wrahj12mzqge", "fields": {"session_data": ".eJxlkMFuhDAMRP_FZ4SITULg2Hu_oKqQcUJJ2U0qCL2s9t8LXS7b3iy_mbHGN2CRtMXc85YnH3MQziHF_urzlNwK3dsNHjN0sCYJfDkdUABn6FSDiLVSRpWkWrLaFvC1pO_g_LJbZp457dItHAFkyJraqEbD_b2A36P9tvqlf2B42g0ss48HcJ8cP1IpKeYlDOUhKU-6lq_J-cvLqX0KmHiddrf20jRiLI_ILTmHUrEMlcK2JfHGKdMY7UgGNXKtxrZyWMmIRBVayzUeTf9_ybv-b39SqEnffwBXq21N:1sYLbF:gXewvR3aIktFyX9uCBX3zwaQsNNPsS_klENQkqv2se0", "expire_date": "2024-08-12T17:19:21.338"}}, {"model": "sessions.session", "pk": "4mhg8mh7i5j228mt5wi1gatto0c8em6q", "fields": {"session_data": ".eJxlUM1ugzAMfhefEcKJgcBx9z3BNCEncUdGm0wQeqn67oWOSzefLH9_-nwDdi6tMQ-85lFiDo5zSHG4SB6TX6D_uMHvDj0syQU-HwoogDP02KptCI0uUaExWBfwM6dr8DJvkoknTht1DbuBbnRNpqlQwf2zgGfosC4yD0-Y4OVm2U0Sd8B_c_xKpUsxz8GWO6U80KV8T17Obwf3xWDkZdzUqmXTkO-MtE1lGdFSzaLZ2UrEorTKmpMW5YSEOu9cp4hRbKtra_lU7U3_f0n88Le_JiS6PwAS_m4u:1sYHBP:n5q51LQFkWPD0daoZi7vicZYwUSsKrrWD4TwUdbhD30", "expire_date": "2024-08-12T12:36:23.141"}}, {"model": "sessions.session", "pk": "4sgxnm2hd07trkj3xofkm3f8r9ow63po", "fields": {"session_data": ".eJxlkMluhDAMht_FZxRlgSwce-8TVBUyTigpM0lFQi-jefdCh8u0N8v_Yn2-ARLlLdUBtzqHVCNhjTkN11Dn7Av0bzd4zNBDyRTxciagAazQCyOFc63SlinTcattA19r_o4-rHtkwQXzbt3iUaC0srrVwnRwf2_g9-iwlbAODxmediPSEtIh-E9MH5lRTnWNIzss7FQLe80-XF5O71PBjGXe010gY0hbnCQ65b0kjjRyIZ1TFLQX2ujOKxrFhK2YHPeS0ySV4tJabOVB-v9LwQ9_-Xd4zdv7D3FRbYg:1sXJOi:bA6BWOajVSwAA0Sxu3HFGTC8WRO_tyCrY4QnBna4n28", "expire_date": "2024-08-09T20:46:08.394"}}, {"model": "sessions.session", "pk": "50fyyylbyo84cgpmd3yk6msexlth8lxh", "fields": {"session_data": ".eJxlkMFuhDAMRP_FZ4QSJySEY-_9gqpCxgklZTepIPSy2n8vdLlse7M882zN3ICY85ZKT1uZQiqRqcSc-msoU_YrdG83eMzQwZo50uUkoAIq0EmLiFqgdbWzQltXwdeSv6MPy07MNFPenVs8eGVUa7SRtoH7ewW_P_ttDUv_kOFpNxDPIR2C_6T0kWvOqSxxqA9Lfapr_Zp9uLyc3qcDE63TTjeBrWXT0ojklPfIgngQEp1THIyXxprGKx7kSFqOTngUPKJSAtuWNB5B_5cUfP83fiuVQ3P_ARSYbT4:1sYLN1:RLiYlPKPxrfntkxLCbZ8otvmDATDRkJY9Ov4EyUgsdc", "expire_date": "2024-08-12T17:04:39.989"}}, {"model": "sessions.session", "pk": "5337rxnx0y5zart51lpgy9pwgyczskva", "fields": {"session_data": ".eJxlkEtuhDAMhu_iNUJJCMSw7H5OUFXITqySMk0qCN2M5u6FKZtpd5b_h_X5BuR93lIZaSuTpBI9lZjT-CllymGF4fUGvzMMsGYf6XomoAIqMGhnjFK67U3dKmt7jRV8Lfk7Bln2yEwz5d26xaOg6TS6pmvbBu5vFTyOjtsqy_iQDTztmPws6RDCB6X3XPucyhK5Piz1qa71JQe5vpzep4KJ1mlPIyoRZGu41VY5cs57FG-CcI9aK-uZFRruFbqdRKwIoe2D6zgwc3eQ_v-ShPEvv7bYmfsP2UptXw:1sXLHE:1I1MFnTOGgpcJnpUgxUEiu37920XWMf2QgPdVzzty3Y", "expire_date": "2024-08-09T22:46:32.521"}}, {"model": "sessions.session", "pk": "5mcjg071w7ehykdtesj1wkz2eqkkflpr", "fields": {"session_data": ".eJxlUEtuhDAMvYvXCCUhP1h2PyeoKmQnVkmZJhWEbkZz98KUzbQby_L76fkGGELZch1xqxPnmgLWVPL4yXUqcYXh9Qa_OwywlpDweiqgAawwSKeU0MdorRO960wDX0v5TpGXXTLjjGWnbukw6Kz0rrPGdHB_a-AROm4rL-MDVvB0Iwwz5wOIH5jfSxtKrkui9qC0J7q2lxL5-nJynwwmXKdd7b1g9qQVGamFQ-dC8BxUZOq9lEIHIuEV9cI7IQ1rZvS6j85SJCJ7NP3_JY7j3_6-M1Z19x9K-W2Y:1sXX9A:2q4trOCZjC2ZjttA5rsmOkJv5gqh9wjJ7AwFmZtnMl0", "expire_date": "2024-08-10T11:27:00.827"}}, {"model": "sessions.session", "pk": "5ssduft1hnu34g8knmd9fcujxikuqhh3", "fields": {"session_data": ".eJxlUEtuhDAMvYvXCOVHElh23xNUVWScUFJmkoqEbkZz90KHzbReWX4_Pd8AifKWqsOtziHVSFhjTu4a6px9geHtBo8dBiiZIl5OBTSAFQZuxD7SCt4ayblmqoGvNX9HH9ZdsuCCeadu8TCQWlqtNDcd3N8b-A11Wwmre8DwdBuRlpAOwH9i-sgt5VTXOLYHpT3R0r5mHy4vJ_fJYMYy7-oukDGkLU4Ce-m9IIY0Mi76XlLQnmujOy9p5BMqPvXMC0aTkJIJa1GJo-n_LwXv_vZXUhh7_wHe_W0d:1sYH5Z:9BZFNoxTXFWPlNrBXm2CoO2JkKjWcvxDoxpXXkAYLMU", "expire_date": "2024-08-12T12:30:21.750"}}, {"model": "sessions.session", "pk": "60xif7n1kju9tsuaxn029r1eu4rlattd", "fields": {"session_data": ".eJxlkM1uhDAMhN_FZ4QSB_LDsfc-QVUh44SSsptUEHpZ7bsXuly2vVn-ZsYa34CY85ZKT1uZQiqRqcSc-msoU_YrdG83eMzQwZo50uV0QAVUoJMGERtpRFs7YY10toKvJX9HH5bdMtNMeZdu8QhQWlndaGlauL9X8Hu039aw9A8MT7uBeA7pAP6T0keuOaeyxKE-JPVJ1_o1-3B5ObVPAROt0-5uAxvD2tKI5JT3yIJ4EBKdUxy0l9ro1ise5EiNHJ3wKHhEpQRaSw0eTf9_Kfj-b38UDUp7_wFhT21e:1sYLk1:waOwfvG0eKy8eYA5HI_oTbn7G5_sg_PCWbalg-lv_04", "expire_date": "2024-08-12T17:28:25.928"}}, {"model": "sessions.session", "pk": "63fbtfryh5bjv2givki4ljwdxj51nhqq", "fields": {"session_data": ".eJxlkM1uhDAMhN_FZ4TID07Csfc-QVUh44SSsptUEHpZ7bsXuly2vVme-WzN3ICY85ZKT1uZQiqRqcSc-msoU_YrdG83eMzQwZo50uUkoAIq0AkjJQqt0NVotVaigq8lf0cflp2Yaaa8O7d48AqVRY3CtHB_r-D3Z7-tYekfMjztBuI5pEPwn5Q-cs05lSUO9WGpT3WtX7MPl5fT-3RgonXa6TawMYyWRklOeS-5IR4aIZ1THNALNNh6xYMYSYvRNV42PEqlGmktaXkE_V9S8P3f-A6tNer-AxA1bUc:1sZugj:-DeI-gRp06INIr2T3pmDV_XY2bSW83C1mTHYdyddY20", "expire_date": "2024-08-17T00:59:29.705"}}, {"model": "sessions.session", "pk": "6angyghmtqslu5zfjzkizpzrfg48uoje", "fields": {"session_data": ".eJxlUEtuhDAMvYvXCBEbEsKy-56gqpBxQkmZSSoI3Yzm7oUOm2klLyy_n55vwCJpi7nnLU8-5iCcQ4r91ecpuRW6txs8duhgTRL4ciqgAM7QKYPKWjSoy4bQtkQFfC3pOzi_7JKZZ047dQuHAWlqda2VaeD-XsBvaL-tfukfMDzdBpbZxwNwnxw_Uikp5iUM5UEpT3QtX5Pzl5eT-2Qw8Trt6saLMaJbHpEtOYdSsQyVQmtJvHZKG904kkGNXKvRVg4rGZGowrblGo-m_7_kXf-3f93QPvcfaNNtdg:1sXIyE:ncu3PPFdCnxNEn1mfU5sOlEc7xTSke5-LIzRwIiU61M", "expire_date": "2024-08-09T20:18:46.554"}}, {"model": "sessions.session", "pk": "6fqivtg5095ogir0bn9an3noln3m1z31", "fields": {"session_data": ".eJxlkMFuhDAMRP_FZ4SSEIjh2Pt-QVUhO7FKyjapIPSy2n8vbLlse7P8ZsYa34C8z1sqI21lklSipxJzGj-lTDmsMLze4HeGAdbsI11PB1RABQbtjFGqN8bWrcbOWVvB15K_Y5Blt8w0U96lWzwCmk6ja7q2beD-VsHj6LitsowPbOBpx-RnSQcIH5Tec-1zKkvk-pDUJ13rSw5yfTm1TwETrdPuRlQiyNZwq61y5Jz3KN4E4R61VtYzKzTcK3RKt2JFCG0fXMeBmbuj6f8vSRj_9m9cYx3efwBK8W2e:1sXNGK:6cNmeFzRuh3RfZwmAr1S5RE3qTgUgp62S4JEOSJOCr0", "expire_date": "2024-08-10T00:53:44.667"}}, {"model": "sessions.session", "pk": "6l2x48uhpcx2x3oeit636raumn9rs8ev", "fields": {"session_data": ".eJxlUEtuhDAMvYvXKMoHksCy-56gqiLjhJIyk1QkdDOauxc6bKb1yvL76fkGSJS3VB1udQ6pRsIac3LXUOfsCwxvN3jsMEDJFPFyKqABrDAII_dRhgsmhOKctw18rfk7-rDukgUXzDt1i4eB0srqVgvTwf29gd9Qt5WwugcMT7cRaQnpAPwnpo_MKKe6xpEdFHaihb1mHy4vJ_fJYMYy7-oukDGkLU4Se-W9JI40ciH7XlHQXmijO69oFBO2Yuq5l5wmqRSX1mIrj6b_vxS8-9tfKqGtvP8AOzZtMg:1sYH3d:4GSA2g3MA-p82gAb8dMvWOxfUbJgz5sON19o3lXlCi8", "expire_date": "2024-08-12T12:28:21.134"}}, {"model": "sessions.session", "pk": "7bqamrsppjm935v1jtx4ty0eqgd54le7", "fields": {"session_data": ".eJxlULtuhDAQ_JetEfL6BaZMny-IIrSsTXC4syMwaU7374EczSXdaOexmrkBMectlZ62MoVUIlOJOfXXUKbsV-jebvDA0MGaOdLldEAFVKDDRqJzqIyod2RQmwq-lvwdfVh2y0wz5V26xSNAWdVabbExcH-v4Pdpv61h6R80PN0G4jmkg_CflD5yzTmVJQ71IalPdq1fsw-Xl1P7FDDROu1uE7hp2LY0SnLKe8mCeBAonVMcrEfbWOMVDziSxtEJLwWPUikh25a0PJr-Xyn4_m9_pVpEff8BV_1tXA:1sXIc2:vVyQCW2mUxDWJnuCWUiH3WntCwk_xgho_AZ9lEFuGt8", "expire_date": "2024-08-09T19:55:50.778"}}, {"model": "sessions.session", "pk": "7fhvavirl3w27ivztmxq1fmsowfvxm3p", "fields": {"session_data": ".eJxlkM1uhDAMhN_FZ4TyR2I49r5PUFUoTqySsk0qCL2s9t0LWy7b3ix_M2ONb-BDKFuuo9_qxLmm4GsqefzkOpW4wvB6g98ZBlhLSP56OqABX2GQTikhpEXdOquVtrqBr6V8p8jLbpn97Msu3dIRoK1Ep23Xabi_NfA4Om4rL-MDK3jakQ8z5wPED5_fSxtKrkui9pC0J13bS4l8fTm1TwGTX6fdjSiYkYyiThrhvHMhIAcVmXqUUphAJFBRL9AJ2bFh9mj66CxFIrJH0_9f4jj-7e8MYt_dfwBHKW2m:1sXLIh:-7qj3HCzi6adBSl3NsaNFu_Cdo569fRKnNVuJrIpzFQ", "expire_date": "2024-08-09T22:48:03.782"}}, {"model": "sessions.session", "pk": "7m2panug4p0ezi89t7mnb6n8v9r5yyut", "fields": {"session_data": ".eJxlkMFuhDAMRP_FZ4SIExzg2Hu_oKqQcUJJ2U0qCL2s9t8LXS7b3iy_mbHGN2CRtMXc85YnH3MQziHF_urzlNwK3dsNHjN0sCYJfDkdUABn6JRFRKMsmVIRtaSwgK8lfQfnl90y88xpl27hCNCkGzKkbA339wJ-j_bb6pf-geFpN7DMPh7AfXL8SKWkmJcwlIekPOlavibnLy-n9ilg4nXa3bUXa4UaHpFb7RxKxTJUCttWiyenyFLttAxqZKPGtnJYyYhaV9g0bPBo-v9L3vV_-9sGbX3_Ae6NbTE:1sYLky:HT5fvURi_bGuczLxmaOvP7w8CNnPQMoqEcQEtaNPYw4", "expire_date": "2024-08-12T17:29:24.186"}}, {"model": "sessions.session", "pk": "8ha79bryy2ir1jq2ij7qkmmr70aacuux", "fields": {"session_data": ".eJxlUMtuhDAM_BefEUpCQgLH3vcLqgrZiVVStklFQi-r_ffClsu2t5HnYY9vgN7nLdUJtzpzqtFjjTlNn1znHAqMrzf4xTBCyT7i9XRAA1hhlFYpYTophlbYzgxONvC15u8YeN0tCy6Yd-kWj4Cul852vTEd3N8aeCydtsLr9KAVPM0I_cLpIMIHpvfc-pzqGqk9JO3JlvaSA19fTu1TwIxl3t3OCWZHWpGRWli01nvHXgWm_VwptCcSTtEgnBXSsGZGp4dgewpE1B9N_3-Jw_S3v9Nmh_cfScFtkg:1sXYg9:DS9zvpweeh6CqjHMVzbLA6NToRbtWL6GZn-Gg4OHUl4", "expire_date": "2024-08-10T13:05:09.092"}}, {"model": "sessions.session", "pk": "8l3r8gzdc8mvevbppq6m3c1hh2hyhonq", "fields": {"session_data": ".eJxlUEtuhDAMvYvXCOWfwLL7nqCqIuOEkjKTVBC6Gc3dCx0203pl-f30fAMkKluuHrc6xVwTYU0l-2usUwkr9G83eOzQw1oo4eVUQANYoedW7KO0Mi3TTFrhGvhayncKcdklM85YduqWDgNppDPKcKvh_t7Ab6jf1rj4BwxPtwFpjvkAwifmj9JSyXVJQ3tQ2hNd29cS4uXl5D4ZTLhOu1pHspaMw1FgJ0MQxJAGxkXXSYomcGONDpIGPqLiY8eCYDQKKZlwDpU4mv7_Ugz-b3_Dlenc_QdUPW1d:1sYHHG:YdgK-7g_Z6nVobilBFFH54d-l1rZ0wEWfjBtMzuO36k", "expire_date": "2024-08-12T12:42:26.068"}}, {"model": "sessions.session", "pk": "9q4kl4qd464ua2974dw19bz6rweaad3b", "fields": {"session_data": ".eJxlUEtuhDAMvYvXCCVOSIBl9z1BVSHjhJIyk1QkdDOauxc6bKbdWJbfT883IOa0xTLQVmYfS2AqIcXh6sucXIb-7QaPHXrIiQNdTgVUQAV6aRF1h0KbWu6jEaqCrzV9B-fXXbLQQmmnbuEwUEa1RhtpG7i_V_AbOmzZr8MDhqfbSLz4eADuk-JHqjnFsoaxPij1ieb6NTl_eTm5TwYz5XlXN56tZdPShNQp55AF8Sgkdp1ib5w01jRO8Sgn0nLqhEPBEyolsG1J49H0_5e8G_72R2na-w92fWzr:1sZOrm:USoMwocmYsFIaWOzgOQCaGsSg-j9EX-fIFpGCpVo1UE", "expire_date": "2024-08-15T15:00:46.161"}}, {"model": "sessions.session", "pk": "a1of7h3x33881x3fmu5r3s5tcu6tey41", "fields": {"session_data": ".eJxlkM1uhDAMhN_FZ4SSmPzAsfc-QVUh44SSsptUEHpZ7bsXuly2vVn-ZsYa34CY85ZKT1uZQiqRqcSc-msoU_YrdG83eMzQwZo50uV0QAVUoJNWKa2wwaa2QktUuoKvJX9HH5bdMtNMeZdu8QhAg840RloN9_cKfo_22xqW_oHhaTcQzyEdwH9S-sg151SWONSHpD7pWr9mHy4vp_YpYKJ12t06sLVsHI2KWvResSAehFRtixyMl8Ya7ZEHOVIjx1Z4JXhUiEI5R406mv7_UvD93_7SoXX6_gNQb21c:1sZX22:bOi94GehdkpsshAGar9ipXYCyHymTGfybaJTkO7McjI", "expire_date": "2024-08-15T23:43:54.737"}}, {"model": "sessions.session", "pk": "b27yi7o2bud5ab30jwv164zjv7s06p30", "fields": {"session_data": ".eJxlkM1uhDAMhN_FZ4TyR3449t4nqKrIOKGk7CYVhF5W--6FLpdtb5a_mbHGN0CisuXqcatTzDUR1lSyv8Y6lbBC_3aDxww9rIUSXk4HNIAVem6EkMxaJ1qpDHdKNfC1lO8U4rJbZpyx7NItHQFSS6uV5qaD-3sDv0f9tsbFPzA87QakOeYDhE_MH6WlkuuShvaQtCdd29cS4uXl1D4FTLhOu7uLZAxpi6NAJ0MQxJAGxoVzkqIOXBvdBUkDH1Hx0bEgGI1CSiasRSWOpv-_FIP_278zRjF3_wFjS21z:1sYdDg:SFd0c-IL3kx6ZtsWqzty_MmSdQjgDEbb9mB2HOODZ0Q", "expire_date": "2024-08-13T12:08:12.365"}}, {"model": "sessions.session", "pk": "bow1dr61qsg07o98es9kbm72zjyevlij", "fields": {"session_data": ".eJxlkM1uhDAMhN_FZ4SSkD849r5PUFXITqySsk0qCL2s9t0LWy6rvVme-WzN3ABDKFuuI2514lxTwJpKHr-5TiWuMLzf4H-GAdYSEl5PAhrACoN0SjndOW1ao7XvbAM_S_lNkZedmHHGsju3dPCdld511pgO7h8NPH6O28rL-JAVPO0Iw8z5EOIX5s_ShpLrkqg9LO2pru2lRL6-nd6nAxOu0057L5g9aUVGauHQuRA8BxWZei-l0IFIeEW98E5Iw5oZve6jsxSJyB5BX0viOL7E9966-x-azW1U:1saSLR:JzXhHZ8vfNuD2_7aGeTLLQUSn3y_sBgwHSuSZk4a1HI", "expire_date": "2024-08-18T12:55:45.553"}}, {"model": "sessions.session", "pk": "bvfg9nsi0tprgn36138daavgzkhjvoeh", "fields": {"session_data": ".eJxlkM1uhDAMhN_FZ4SSEPLDsfd9gqpCdmKVlG1SQehlte9e2HLZ9mb5mxlrfAMMoWy5jrjViXNNAWsqefzkOpW4wvB6g98ZBlhLSHg9HdAAVhikVcr0xkvbemGEVaaBr6V8p8jLbplxxrJLt3QEdEY625m-7-D-1sDj6LitvIwPrOBpRxhmzgeIH5jfSxtKrkui9pC0J13bS4l8fTm1TwETrtPudk4wO9KKeqmFRWtDcBxUZPJOSqEDkXCKvHBWyJ41MzrtozUUicgcTf9_ieP4t7900nt3_wFYxm3D:1sa5kz:nxl31XYtJK6DGDnAyAxi5KOLZai-fHS4LgRYzhyLoco", "expire_date": "2024-08-17T12:48:37.964"}}, {"model": "sessions.session", "pk": "c6wetktxnyz3v1wqhshsgfyn6ax9zvep", "fields": {"session_data": ".eJxlkMtuhDAMRf_Fa4TyIC-W3fcLqgoZJ5SUmaQioZvR_Huhw2Zaryzfe2xd3wCJ8pbqgFudQ6qRsMachmuoc_YF-rcbPHrooWSKeDkJaAAr9NyIvaRlqtXGKqcb-Frzd_Rh3YkFF8y7c4sHL7W0utPcKLi_N_B7c9hKWIeHDE-zEWkJ6RD8J6aP3FJOdY1je1jaUy3ta_bh8nJ6nxbMWOadVoGMIW1xEuik94IY0si4cE5S0J5ro5WXNPIJOz455gWjSUjJhLXYiSPo_ycFP_yN75iSTN5_ABU-bS8:1sYH5J:wJ6CIgK_nVprUF6vidpNERK_a_C3yaXLHzljzxpsxrM", "expire_date": "2024-08-12T12:30:05.697"}}, {"model": "sessions.session", "pk": "c85s7dnl0t5gx76tlumojg39q78wes6p", "fields": {"session_data": ".eJxlUMluhDAM_RefEcpGFo699wuqChknlJSZpCKhl9H8e6HDZVqfLL9NzzdAorylOuBW55BqJKwxp-Ea6px9gf7tBo8deiiZIl5OBTSAFXpuxDFOsVZxYTgzDXyt-Tv6sO6SBRfMO3WLh4HU0mqlueng_t7Ab-iwlbAODxiebiPSEtIB-E9MH7mlnOoax_agtCda2tfsw-Xl5D4ZzFjmXd0FMoa0xUmgk94LYkgj48I5SUF7ro3uvKSRT6j45JgXjCYhJRPWohJH0_9fCn74218oa52-_wBNI21Z:1sYGrM:BYlYkl_6C-RerPqtw2Ymr9nbPIRFEFpsO3nuzdTo38Y", "expire_date": "2024-08-12T12:15:40.453"}}, {"model": "sessions.session", "pk": "ch3amt7w9prhzq1eid5bpfndh3wexhjr", "fields": {"session_data": ".eJxlkM1uhDAMhN_FZ4QSh_zAsfc-QVUh44SSsptUEHpZ7bsXuly2vVme-WzN3ICY85ZKT1uZQiqRqcSc-msoU_YrdG83eMzQwZo50uUkoAIq0EmLqLERUtUOtRGugq8lf0cflp2Yaaa8O7d48MooZxojrYb7ewW_P_ttDUv_kOFpNxDPIR2C_6T0kWvOqSxxqA9Lfapr_Zp9uLyc3qcDE63TTuvA1rJxNCK1yntkQTwIiW2rOBgvjTXaKx7kSI0cW-FR8IhKCXSOGjyC_i8p-P5vfOW0tfr-AwPybSo:1sZXBN:x0kpDvSRKWeQyfApAi2hQMOIEL7Fg29CDENVAJBIuAY", "expire_date": "2024-08-15T23:53:33.858"}}, {"model": "sessions.session", "pk": "cqfhqxr373tv6emh6q3o0920yoo9zd0f", "fields": {"session_data": ".eJxlkMFuhDAMRP_FZ4SSkJCEY-_7BVWF7MQqKdukgtDLav-9sOWy7c3ymxlrfAMMoWy5jrjViXNNAWsqefzkOpW4wvB6g98ZBlhLSHg9HdAAVhikVUoarUXXSutEZ7oGvpbynSIvu2XGGcsu3dIR0PXS2a43poP7WwOPo-O28jI-sIKnHWGYOR8gfmB-L20ouS6J2kPSnnRtLyXy9eXUPgVMuE672znB7EgrMlILi9aG4DioyOSdlEIHIuEUeeGskIY1Mzrto-0pElF_NP3_JY7j3_7eeOXd_QdDAG2c:1sXz1v:alpUKsDFLJuwsm3rNda7vAvMJuR7imWc7xHsyZ0YovE", "expire_date": "2024-08-11T17:13:23.293"}}, {"model": "sessions.session", "pk": "cqljtdda310xal9edsx53u5tyzrzyr15", "fields": {"session_data": ".eJxlkM1uhDAMhN_FZ4TyA_nh2HufoKoi44SSsptUJPSy2ncvdLlse7P8zYw1vgES5S1Vh1udQ6qRsMac3DXUOfsCw9sNHjMMUDJFvJwOaAArDFwLITnj0rZGmJ5x3cDXmr-jD-tuWXDBvEu3eARIJY3qFNc93N8b-D3qthJW98DwtBuRlpAO4D8xfeSWcqprHNtD0p60tK_Zh8vLqX0KmLHMu7sPpDUpg5NAK70XxJBGxoW1koLyXGnVe0kjn7Djk2VeMJqElEwYg504mv7_UvDub39pFdP3H-cAbSY:1sYdXn:aDPNxWu8fEqbfcr5cZxcOhsZDNVSzZw5eO20p_j8_b0", "expire_date": "2024-08-13T12:28:59.885"}}, {"model": "sessions.session", "pk": "d0cggy6xyfb0dd93zi513b4wjatp50u2", "fields": {"session_data": ".eJxlUDtuwzAMvQtnw7A-lmSP3XuCohAoialVJ1JhyVmC3D126iUtJ4Lvh8cboPd5TdXiWidKNXqsMSd7oTrlUGD8uMHvDiOU7COeDwU0gBVGpvk2gqmhlVorbUQDP0u-xkDLJplxxrxR17gbCCV6aVTHONw_G3iG2rXQYp-whJebQz9T2oHwjekrtz6nukTX7pT2QEv7ngOd3w7ui8GEZdrUXKNRMgyGtOocMuZkjyTQu47IMdLcmZMg7kmSHIL3A5fIyGnRO4enbm_6_0sU7N_-xjAj-f0BlQpuhg:1sYGv3:jgD7OXgi6cLiuhK5TfuISkR9fZ-rLZRaP4a52WuzOEU", "expire_date": "2024-08-12T12:19:29.495"}}, {"model": "sessions.session", "pk": "div99mje119pxlnamiuwhje1i0ondgcb", "fields": {"session_data": ".eJxlkMFuhDAMRP_FZxQlISGBY-_7BVWF7MQqKdukgtDLav-9sOWy7c3yzLM1cwMMoWy5jrjViXNNAWsqefzkOpW4wvB6g98ZBlhLSHg9CWgAKwzKaS1l3yonvNTamga-lvKdIi87MeOMZXdu6eDbTnnXdta2cH9r4PFz3FZexoes4WlHGGbOhxA_ML8XEUquSyJxWMSpruJSIl9fTu_TgQnXaae9l8yejCarjHToXAieg45MvVdKmkAkvaZeeieVZcOM3vTRdRSJqDuC_i-J4_g3vmqlUvr-A_NmbVE:1sXNHp:kzDW9zF2KkEHzZ7QGxtg9TXeg8nRvivp-gm2EDuazQ8", "expire_date": "2024-08-10T00:55:17.821"}}, {"model": "sessions.session", "pk": "dpehoidnhelhja0jwezc2mogcdd2s91t", "fields": {"session_data": ".eJxlUEtuhDAMvYvXCJEY8mHZfU9QVcg4oaTMJBUJ3Yzm7oUOm2m9svx-er4BMactloG2MvtYAlMJKQ5XX-bkMvRvN3js0ENOHOhyKqACKtALLfdptZC1VdgZ7Cr4WtN3cH7dJQstlHbqFg4DVGhUq4Tu4P5ewW_osGW_Dg8Ynm4j8eLjAbhPih-p5hTLGsb6oNQnmuvX5Pzl5eQ-GcyU513dedaalaFJkkXnJDfEYyOktcheOaG06hzyKCZqxWQbJxueJGIjjaFWHk3_f8m74W9_jVoovP8AXYptYw:1sYHJw:Bz39BHFec8c5I9dpxll-v7OgJyvBRQbe2mRfWXYNHig", "expire_date": "2024-08-12T12:45:12.982"}}, {"model": "sessions.session", "pk": "drluirclb995rvzbgzu4otmzbrbehbux", "fields": {"session_data": ".eJxlkD1uwzAMhe_C2RD0Z0n22L0nKAqDkphadSIVtpwlyN1jp17SciL43kfi8QYYQllzHXCtI-WaAtZU8nChOpa4QP9xg98eelhKSHg-CGgAK_TCyq20sI7JzljhGviZyzVFmjdiwgnL5lzTziujWu0MFxLunw08bw7rQvPwlDW8zDyGifIuxG_MX4WFkuucPNst7FAX9l4ind8O78uCEZdxo6VFZ3TsHFnDPQrhdYukMHhO5AVZ6d1JkQykSXcxhE5qFOStar3HE9-D_n8SxeFPfMWtkq69PwBAd25I:1sYHBK:yM0B9kEYoCPOt5veCe4eL65Rp9gwmdwsEBbsOKL2VSM", "expire_date": "2024-08-12T12:36:18.315"}}, {"model": "sessions.session", "pk": "dtejnwgcey8qxoh8r6kmwy7drxdv3ie3", "fields": {"session_data": ".eJxlkM1uhDAMhN_FZ4TyQ5zAsfc-QVUh44SSsptUEHpZ7bsXuly2vVn-ZsYa34CY85ZKT1uZQiqRqcSc-msoU_YrdG83eMzQwZo50uV0QAVUoJNWKYOosKmtQSuNq-Bryd_Rh2W3zDRT3qVbPAI0aocNSmvg_l7B79F-W8PSPzA87QbiOaQD-E9KH7nmnMoSh_qQ1Cdd69fsw-Xl1D4FTLROu9sEtpbR0aio1d4rFsSDkKptNQf0Ei0ar3mQIzVybIVXgkeltVDOUaOOpv-_FHz_tz86oVpz_wFpkG16:1sZiAq:DMxACdfB6xVpY-JyXvuo0C8uV18HxwQQscEkvP1dg9s", "expire_date": "2024-08-16T11:37:44.777"}}, {"model": "sessions.session", "pk": "dx1h8s176gmhegrhbl086x9nowav9zw4", "fields": {"session_data": ".eJxlUDtuwzAMvQtnQ9DPsuyxe09QFAYlMbXqRCosOUuQu8dOvaTlRPD98HgD9D6vqY641olSjR5rzGm8UJ1yKDB83OB3hwFK9hHPhwIawAqD6OQ22lrDBOdCtKqBnyVfY6Blk8w4Y96oa9wNlFGttoYLCffPBp6h41poGZ-whpebQz9T2oHwjekrM59TXaJjO4UdaGHvOdD57eC-GExYpk0tO7RGh95SZ7hDIZxukRR6x4mcoE46e1IkPWnSffC-lxoFuU61zuGJ703_f4nC-Le_kKa39v4AfNdudQ:1sYHMk:hl2amnr71PBS2pUmTQW7HYe2ghXeVCQHG2rMV7ROtKw", "expire_date": "2024-08-12T12:48:06.119"}}, {"model": "sessions.session", "pk": "ea5xfo6nem97vgch38tanwdibfsms2uw", "fields": {"session_data": ".eJxlkM1uhDAMhN_FZ4TyQ_449t4nqKrIOKGk7CYVhF5W--6FLpdtb5ZnPlszN0CisuXqcatTzDUR1lSyv8Y6lbBC_3aDxww9rIUSXk4CGsAKPTeCO8etYq2VxljbwNdSvlOIy07MOGPZnVs6eKml1Z3mRsH9vYHfn35b4-IfMjztBqQ55kMIn5g_Sksl1yUN7WFpT3VtX0uIl5fT-3RgwnXaaRXJGNIWR4FOhiCIIQ2MC-ckRR24NloFSQMfseOjY0EwGoWUTFiLnTiC_i8pBv83fueUVPcftJZtHQ:1sXIk6:mWx7dXlrUwaz6CxLKwZOrgMUuoI9wt4gJE5nJRiIQh8", "expire_date": "2024-08-09T20:04:10.857"}}, {"model": "sessions.session", "pk": "eit1uxg97lr0kuxuzsl3ysl0eblug1kz", "fields": {"session_data": ".eJxlkMFuhDAMRP_FZ4RIAk7Csfd-QVUh44SSsptUJPSy2n8vdLlse7P8ZsYa34CY0xbLQFuZfSyBqYQUh6svc3IZ-rcbPGboIScOdDkdUAEV6IWWwlppLNZCtogGK_ha03dwft0tCy2UdukWjgCFymCLQndwf6_g9-iwZb8ODwxPu5F48fEA7pPiR6o5xbKGsT4k9Ulz_Zqcv7yc2qeAmfK8uzvPWjMamiRZ5ZzkhnhshLRWsUcnUGPnFI9iolZMtnGy4Ukq1UhjqJVH0_9f8m7421-1prP3HwQkbVc:1sXJ0y:aqmlhOY9ym6U9085Pop2N_GmE_eN9ss7EETyxMyAqhY", "expire_date": "2024-08-09T20:21:36.142"}}, {"model": "sessions.session", "pk": "ejmeiletm2sjarje12tna60z4qsexk6t", "fields": {"session_data": ".eJxlkMFuhDAMRP_FZ4QShyTAsfd-QVVFxgklZTepIPSy2n8vdLlse7P8ZsYa34CY85aKo61MIZXIVGJO7hrKlP0K_dsNHjP0sGaOdDkdUAEV6KVFNNpK2dRKWI3aVPC15O_ow7JbZpop79ItHgHKqNY0RloN9_cKfo-6bQ2Le2B42g3Ec0gH8J-UPnLNOZUlDvUhqU-61q_Zh8vLqX0KmGiddrcObC2blkakTnmPLIgHIbHrFAfjpbFGe8WDHKmRYyc8Ch5RKYFtSw0eTf9_KXj3tz8Kgd39B-tXbSA:1sa5oA:0z2I9VY7YsBxT9hTM8kqSvhabVlBE8UnFrrwDVVVHOY", "expire_date": "2024-08-17T12:51:54.381"}}, {"model": "sessions.session", "pk": "ejrosn0hn07gxz0avklyfzt2s82jqont", "fields": {"session_data": ".eJxlkM1uhDAMhN_FZ4TyQxLCsfc-QVVFxgklZTepSOhlte9e6HLZ9mZ55rM1cwMkyluqDrc6h1QjYY05uWuoc_YFhrcbPGYYoGSKeDkJaAArDNwIoXknlWm15VqaBr7W_B19WHdiwQXz7tziwUste91pbhTc3xv4_em2Elb3kOFpNyItIR2C_8T0kVvKqa5xbA9Le6qlfc0-XF5O79OBGcu80yqQMaR7nARa6b0ghjQyLqyVFLTn2mjlJY18wo5PlnnBaBJSMtH32Ikj6P-Sgnd_4hvGDVPq_gMSiW0x:1sZugX:hNBciIRVuopAnxUKCLFIg2yl8maAhUeko267U-MFFBw", "expire_date": "2024-08-17T00:59:17.708"}}, {"model": "sessions.session", "pk": "f21lupes7zmqluj6ra93mcmdjqomcrnu", "fields": {"session_data": ".eJxlUE1vgzAM_S8-I0QSQwLH3fcLpgk5iTsy2mQioZeq_73Qcenm05Pfh_V8A3IurbGMtJaJYwmOSkhxvHCZks8wfNzgF8MAOblA58MBFVCBQWi5DTYG6w2hNKqCnyVdg-dls8w0U9qka9gDVKdaNF0jJNw_K3geHdfMy_ikEV52ltzMcSf8N8WvVLsUyxJsvUvqg831e_J8fju0LwET5WlzS02mQ98b1l1jSQiLLbEiZxtmK1hLa06KpWNk7L1zvUQSbLVqraVTszf9_yX249_-Cnup8f4Ag4ducw:1sYH9o:GfPm7P_pK9QzO8Kx7jM8pYMFf0OEw-y1amHetnPLKCo", "expire_date": "2024-08-12T12:34:44.742"}}, {"model": "sessions.session", "pk": "f2zzewypuj1cyf3ti5b1g2k4ry2pck6p", "fields": {"session_data": ".eJxlkMFuhDAMRP_FZ4QSB5LAsfd-QVVFxgklZTepIPSy2n8vdLlse7M882zN3ICY85aKo61MIZXIVGJO7hrKlP0K_dsNHjP0sGaOdDkJqIAK9NIgYiO0bWulrEKs4GvJ39GHZSdmminvzi0evNLK6kZL08L9vYLfn25bw-IeMjztBuI5pEPwn5Q-cs05lSUO9WGpT3WtX7MPl5fT-3RgonXa6TawMawtjUid8h5ZEA9CYtcpDtpLbXTrFQ9ypEaOnfAoeESlBFpLDR5B_5cUvPsbvxVG4v0HmUBs7Q:1sYLTZ:9ghQcIIADDW_efeHVG0vzsF24q0ARutFlrYrtKSLBco", "expire_date": "2024-08-12T17:11:25.359"}}, {"model": "sessions.session", "pk": "f8xbvf9g79v42vw9wqrh5vnd0wgrl6s0", "fields": {"session_data": ".eJxVjEEOwiAQRe_C2pDWgQIu3XsGMjMMUjU0Ke3KeHfbpAvd_vfef6uI61Li2mSOY1IXZdXpdyPkp9QdpAfW-6R5qss8kt4VfdCmb1OS1_Vw_w4KtrLVlL1JLjti6jOjJWDDSQQGDkaosxZzH0JwzqfQobdeAGDY9DMYIFafLx7kONM:1sa9No:ePgSRSHCJ22NBSGyQNs-9HNxFO5TITR-lPRH_GgixHc", "expire_date": "2024-08-17T16:40:56.307"}}, {"model": "sessions.session", "pk": "fg306uuoa592wtahn83kgvo6ztu7nk64", "fields": {"session_data": ".eJxlkM1uhDAMhN_FZ4TyQ37g2HufoKoi44SSsptUJPSy2ncvdLlse7M834w1vgES5S1Vh1udQ6qRsMac3DXUOfsCw9sNHjMMUDJFvJwOaAArDNwIIZk1grdMWi2VauBrzd_Rh3W3LLhg3tEtHgFS70inuVFwf2_g96jbSljdQ4an3Yi0hHQI_hPTR24pp7rGsT2Q9lRL-5p9uLyc7FPAjGXe3SqQMaQtTgJ76b0ghjQyLvpeUtCea6OVlzTyCTs-9cwLRpOQkglrsRNH0_9fCt797d_1hkt9_wFXVm1a:1sYdAv:73UByj6KeP5CFeIacC8Y_-QO9L4FJUVJGEEBJIj8Cfw", "expire_date": "2024-08-13T12:05:21.058"}}, {"model": "sessions.session", "pk": "g7jhlqpm7zbxoz384svz47x5etqfgk12", "fields": {"session_data": ".eJxlkEtuhDAMhu_iNUJ5J7DsvieoKmScUFJmkoqEbkZz90KHzbQ7y__D-nwDJMpbqgNudQ6pRsIacxquoc7ZF-jfbvCYoYeSKeLlTEADWKHnVgipFbeq1U6azqgGvtb8HX1Y98iCC-bdusWjQBrpjDLcari_N_B7dNhKWIeHDE-7EWkJ6RD8J6aP3FJOdY1je1jaUy3ta_bh8nJ6nwpmLPOe1oGsJeNwEthJ7wUxpJFx0XWSgvHcWKO9pJFPqPjUMS8YTUJKJpxDJQ7S_18KfvjLv8NLK-4_ZhBtcQ:1sYp02:RuDKb2oH_ISvkUMxH28QcdL2KT9xaXQhlNVX0fL-M1k", "expire_date": "2024-08-14T00:42:54.630"}}, {"model": "sessions.session", "pk": "gdvygt3qil0j9yxevjoc942qw0fisdtv", "fields": {"session_data": ".eJxVj0EOgyAURO_CuiEI4keX3fcM5AOfSksxUeym6d2riV24nXnzkvkw9H5aS7VvmlNMFCy9MGU2lDXnC7O41tGuC802BTYwYKfMoX9S2YvwwHKfuJ9KnZPjO8KPduG3KVC-HuxJMOIybmvdS9EiCu1F8E5jiCJiqxpjGuW8BgUBidoAG9GhdkoJKUC6DqIx1MtN-v-xu6nU5LFuZ7CyoQEpQRkDijeq00Z-f3IVUSw:1saR4r:sWn5vv3Vp2vgNvpUfpOrrnOys7Aw7T32A8leiqI4kfY", "expire_date": "2024-08-18T11:34:33.204"}}, {"model": "sessions.session", "pk": "i53902snq9inzswsh0p9vqefhsfnqh2r", "fields": {"session_data": ".eJxlkMFuhDAMRP_FZ4SIExLCsfd-QVUh44SSsptUJPSy2n8vdLlse7P8ZsYa34CY0xbLQFuZfSyBqYQUh6svc3IZ-rcbPGboIScOdDkdUAEV6IVBRCW0wFqaVkk0FXyt6Ts4v-6WhRZKu3QLR4DUstNKC9PC_b2C36PDlv06PDA87UbixccDuE-KH6nmFMsaxvqQ1CfN9Wty_vJyap8CZsrz7m49G8O6ownJSueQG-KxEWitZK-d0Ea3TvIoJlJiso3DhieUssGuI4VH0_9f8m7427_TFu8_eSNs7w:1sYLiW:qYGUqN0DYH7oGMe7NgjJHbLKU8kjf7z74Dg3V0kD8ak", "expire_date": "2024-08-12T17:26:52.394"}}, {"model": "sessions.session", "pk": "i6rhj77os76d9tc8u413h6e2oafvz8if", "fields": {"session_data": ".eJxlkM1uhDAMhN_FZ4TyR0I49t4nqKrIOKGk7CYVCb2s9t0LXS7b3izPfLZmboBEeUvV4VbnkGokrDEndw11zr7A8HaDxwwDlEwRLycBDWCFgRshhGJKmlYKKa1q4GvN39GHdScWXDDvzi0evNSy10pz08H9vYHfn24rYXUPGZ52I9IS0iH4T0wfuaWc6hrH9rC0p1ra1-zD5eX0Ph2Yscw73QUyhnSPk0ArvRfEkEbGhbWSgvZcG915SSOfUPHJMi8YTXsWJvoelTiC_i8pePc3vlSKd-r-AwO0bRw:1sYLPZ:yS2JtDYQDxio5pFymMAGhPMpX6x1IovBcnacSCPP1gE", "expire_date": "2024-08-12T17:07:17.342"}}, {"model": "sessions.session", "pk": "ie8e1elph968vhy52z3qa86u1uraqjc3", "fields": {"session_data": ".eJxlkM1uhDAMhN_FZ4TyR3449t4nqCpknFBSdpOKhF5W--6FLpdtb5a_mbHGN0CivKU64FbnkGokrDGn4RrqnH2B_u0Gjxl6KJkiXk4HNIAVem6EkI5zo1urlHHcNPC15u_ow7pbFlww79ItHgFSS6uV5qaD-3sDv0eHrYR1eGB42o1IS0gH8J-YPnJLOdU1ju0haU9a2tfsw-Xl1D4FzFjm3d0FMoa0xUmgk94LYkgj48I5SUF7ro3uvKSRT6j45JgXjCYhJRPWohJH0_9fCn74279zWjl1_wFofm1_:1sYycq:kJ07ltUWgXhQgYS-_w-dD_-cY8oXYdmlLtLjB2icvXw", "expire_date": "2024-08-14T10:59:36.871"}}, {"model": "sessions.session", "pk": "iheeeqfvgm8nbcfrdck2828smnfu0jwl", "fields": {"session_data": ".eJxVjEEOgjAQRe_StWlmBlqKS_eeoWlnBosaSCisjHdXEha6_e-9_zIxbWuJW9UljmLOBs3pd8uJHzrtQO5pus2W52ldxmx3xR602uss-rwc7t9BSbV8a20GRmJKTrATzD0PQC36XomYWweKIB4heQ0QCFzbONcjhQxdRvbm_QHZnzbt:1sXEhz:s0PHD_enAvW6sZ-pCJBGG_jStHJQJfh4WVVbFza4qQM", "expire_date": "2024-08-09T15:45:43.460"}}, {"model": "sessions.session", "pk": "jjs36eb7r3rue53xnh3w3p0ndx8lhta5", "fields": {"session_data": ".eJxlkM1uhDAMhN_FZ4TyB0k49r5PUFXITqySsk0qCL2s9t0LWy7b3ix_M2ONb4AhlC3XEbc6ca4pYE0lj59cpxJXGF5v8DvDAGsJCa-nAxrACoO0SgkpeuVb5ZTWXjfwtZTvFHnZLTPOWHbplo4A3Utndd91Gu5vDTyOjtvKy_jACp52hGHmfID4gfm9tKHkuiRqD0l70rW9lMjXl1P7FDDhOu1u5wSzI6Ook0ZYtDYEx0FFJu-kFCYQCafIC2eF7NgwozM-2p4iEfVH0_9f4jj-7e-NcV7efwBG122b:1sXNcz:zNKAaJ_31a4387vQxMf7ZpjR4YfSiEsHqbtbAQ3iV6U", "expire_date": "2024-08-10T01:17:09.337"}}, {"model": "sessions.session", "pk": "jmzuif7noj0zknr2avh83thg6decwl48", "fields": {"session_data": ".eJxlkL1uwzAMhN-Fs2HoX7bH7n2CohAoialVJ1Jhy1mCvHvs1EvajeB3d8TxBhhCWXN1uNaRck0BayrZXaiOJS4wfNzgd4YBlhISng8HNIAVBm6F0J2ShrWWMd4b3cDPXK4p0rxZJpywbNI17QHSSK06w7iA-2cDz6NuXWh2T6zgZecxTJR3EL8xf5U2lFzn5Ntd0h50ad9LpPPboX0JGHEZN7ew2BkV-46sYR4590ojSQyeEXlOVvjuJEkEUqT6GEIvFHLyVmrv8cT2pv-_RNH97c-lNFzeH4oQbnM:1sZmsi:s3zFG46qh8TqhT08z62hrBHxgfjFlDEueWaZA31TJN0", "expire_date": "2024-08-16T16:39:20.723"}}, {"model": "sessions.session", "pk": "jr6vf693azlzq6n2loqroze0falaxkxi", "fields": {"session_data": ".eJxlkMFuhDAMRP_FZxQlDiSEY-_9gqpCxgklZTepIPSy2n8vdLlse7P8ZsYa34CY85ZKT1uZQiqRqcSc-msoU_YrdG83eMzQwZo50uV0QAVUoFMW0SijdCMcSmkcVvC15O_ow7JbZpop79ItHgHa6NbURtkG7u8V_B7ttzUs_QPD024gnkM6gP-k9JEF51SWOIhDIk66itfsw-Xl1D4FTLROu7sJbC2blkYkp71HlsSDVOic5mC8MtY0XvOgRqrV6KRHySNqLbFtqcaj6f8vBd__7a-Vkvr-A-lHbR0:1sZv9D:tcV9EsSrf9E_A1ERByX3fSy84JkRaF6L5A67ZY3CDbg", "expire_date": "2024-08-17T01:28:55.939"}}, {"model": "sessions.session", "pk": "k2h9p9nx1gm89u2w96rxxphxif5n32al", "fields": {"session_data": ".eJxlUEtuhDAMvYvXCOVHElh23xNUVWScUFJmkoqEbkZz90KHzbReWX4_Pd8AifKWqsOtziHVSFhjTu4a6px9geHtBo8dBiiZIl5OBTSAFQZuxD5KGN0qpjttbQNfa_6OPqy7ZMEF807d4mEgtbRaaW46uL838BvqthJW94Dh6TYiLSEdgP_E9JFbyqmucWwPSnuipX3NPlxeTu6TwYxl3tVdIGNIW5wE9tJ7QQxpZFz0vaSgPddGd17SyCdUfOqZF4wmISUT1qISR9P_Xwre_e3PjeVS3n8AYHVtYg:1sYHCu:wtPNDCxhddYYqVBMS4ZTZBm7Z0BZBDygJI8TovgEr0Y", "expire_date": "2024-08-12T12:37:56.432"}}, {"model": "sessions.session", "pk": "k7qxsf7spuwhz4vpasyeqvqvqxyjy88h", "fields": {"session_data": ".eJxlkM1uhDAMhN_FZ4SSEPLDsfd9gqpCdmKVlG1SQehlte9e2HLZ9mb5mxlrfAMMoWy5jrjViXNNAWsqefzkOpW4wvB6g98ZBlhLSHg9HdAAVhikVUoI5XrfCuU7ZXUDX0v5TpGX3TLjjGWXbukI6Ix0tjN938H9rYHH0XFbeRkfWMHTjjDMnA8QPzC_lzaUXJdE7SFpT7q2lxL5-nJqnwImXKfd7ZxgdqQV9VILi9aG4DioyOSdlEIHIuEUeeGskD1rZnTaR2soEpE5mv7_Esfxb__Oe6nN_QdKJW2f:1sXLbf:AJaJeNOPs1xliCrwvHGLHuEaphhnFxMdJcknxralcdY", "expire_date": "2024-08-09T23:07:39.047"}}, {"model": "sessions.session", "pk": "klb0l4xxtuv6ia2ffbbmzyzj7utrmwi1", "fields": {"session_data": ".eJxlkMFuhDAMRP_FZ4QSB0LCsfd-QVVFxgklZTepIPSy2n8vdLlse7P8ZsYa34CY85aKo61MIZXIVGJO7hrKlP0K_dsNHjP0sGaOdDkdUAEV6GWHqIRBbWrbCCVEW8HXkr-jD8tumWmmvEu3eAQorYxutOxauL9X8HvUbWtY3APD024gnkM6gP-k9JFrzqkscagPSX3StX7NPlxeTu1TwETrtLvbwF3H2tCIZJX3yIJ4EBKtVRy0l7rTrVc8yJEaOVrhUfCISgk0hho8mv7_UvDub_8WjbT3H-fEbTE:1sYd3c:tgS8vD6ETaovsN96rexivpmw0vVdt9pjWUt-GFWjMuY", "expire_date": "2024-08-13T11:57:48.986"}}, {"model": "sessions.session", "pk": "ko5nkf4r6bt1g9087ik71av157o0aljv", "fields": {"session_data": ".eJxlkM1uhDAMhN_FZ4Ty_8Ox9z5BVSHjhJKym1QQelntuxe6XLa9Wf5mxhrfAInKlmuPW51iromwppL7a6xTCSt0bzd4zNDBWijh5XRAA1ih41YIobj1utWecSlVA19L-U4hLrtlxhnLLt3SESCNdEYZbjXc3xv4Pdpva1z6B4an3YA0x3yA8In5o7RUcl3S0B6S9qRr-1pCvLyc2qeACddpd-tI1pJxOAr0MgRBDGlgXHgvKZrAjTU6SBr4iIqPngXBaBRSMuEcKnE0_f-lGPo__c0e6ZS-_wBZxW1f:1sYLlT:X4z4mQHf_VtipFGejd5Pm-cbgNg5jqli9jcoX-_RbFs", "expire_date": "2024-08-12T17:29:55.609"}}, {"model": "sessions.session", "pk": "l5ux76s1wvgohj2yecdcwqkr0pntfley", "fields": {"session_data": ".eJxlkMFuhDAMRP_FZ4SSEOLAsff9gqpCdmIVyjapIPSy2n8vbLlse7P8ZsYa34BCyFsqA21llFSmQGXKafiUMua4Qv96g98ZelhzmOh6OqACKtBrNMY5hc7V6K3rsK3ga8nfU5Rlt8w0U96l23QENE57bFzbNnB_q-BxdNhWWYYHNvC0YwqzpAPED0rvuQ45lWXi-pDUJ13rS45yfTm1TwEjrePu9l6JeLaGW20VEmIIXoKJwp3XWtnArLzhTnlUuhUrQt52ER1HZnZH0_9fkjj87d-hUwbvP2W_bcY:1sa6l4:XEo5lHCCPkDofvPq2cPQpTJWgF9OXiEz4SVsWTis_Ks", "expire_date": "2024-08-17T13:52:46.807"}}, {"model": "sessions.session", "pk": "lg201dru76nc8p91okoz0pwt7i5tbe0r", "fields": {"session_data": ".eJxlkMtuhDAMRf_Fa4TyIg-W3fcLqgoZJ5SUmaQioZvR_Huhw2baneV7ji37BkiUt1QH3OocUo2ENeY0XEOdsy_Qv93gUUMPJVPEy2lAA1ih50YIoSx3utVWK6ca-Frzd_Rh3Y0FF8w7ucXDl1ruiOamg_t7A787h62EdXjE8NQbkZaQjsB_YvrILeVU1zi2B9KeaWlfsw-Xl5N9GjBjmXe7C2QMaYuTQCe9F8SQRsaFc5KC9lwb3XlJI59Q8ckxLxhNQkomrEUljkP_Pyn44e_5zupOmvsPHGJtUQ:1sYNQi:AM65XpUTD1r675shqLQrXBy_GQ5DQTQMGDia0q-Ry2U", "expire_date": "2024-08-12T19:16:36.744"}}, {"model": "sessions.session", "pk": "ljrvi0blj7zu8hbni7ppvi93m8820we8", "fields": {"session_data": ".eJxlkMFuhDAMRP_FZ4QSB5LAsfd-QVVFxgklZTepIPSy2n8vdLlse7M8b8Ya34CY85aKo61MIZXIVGJO7hrKlP0K_dsNHjP0sGaOdDkdUAEV6KVBRNVZVLVtrdGNruBryd_Rh2W3zDRT3tEtHgFKK7sT0rRwf6_g96jb1rC4hwxPu4F4DukQ_Celj1xzTmWJQ30g9amu9Wv24fJysk8BE63T7m4DG8Pa0ojUKe-RBfEgJHad4qC91Ea3XvEgR2rk2AmPgkdUSqC11ODR9P-Xgnd_-xuBjbH3H2xmbXo:1sYLFf:BKARw224ehdjw_4Q6EGweSTZDyLhbSsQBGXw6KcHqFw", "expire_date": "2024-08-12T16:57:03.877"}}, {"model": "sessions.session", "pk": "m80sjroujlkk0e49cxcmck3a9l9xzy4g", "fields": {"session_data": ".eJxlkM1uhDAMhN_FZ4TyRxI49r5PUFXITqySsk0qCL2s9t0LWy7b3izPfLZmboAhlC3XEbc6ca4pYE0lj59cpxJXGF5v8DvDAGsJCa8nAQ1ghUE6JfveaC1b72RnXQNfS_lOkZedmHHGsju3dPDaSu-07ToN97cGHj_HbeVlfMgKnnaEYeZ8CPED83tpQ8l1SdQelvZU1_ZSIl9fTu_TgQnXaae9F8yejKJOGuHQuRA8BxWZei-lMIFIeEW98E7Ijg0zetNHZykSkT2C_i-J4_g3vldKW3f_AQoZbYI:1sXJO7:6GDrI1_H_kdEUJJxAw3WYwIqzDjTCdmttTHZDH8J1j0", "expire_date": "2024-08-09T20:45:31.889"}}, {"model": "sessions.session", "pk": "mbp0ukod3ti839tu91063d8dpyag8xtw", "fields": {"session_data": ".eJxlkL1uwzAMhN-FsyFYP7Ykj937BEVhUBJTq06kwpKzBHn32KmXtBvB7-6I4w3Q-7ymOuJaJ0o1eqwxp_FCdcqhwPBxg98ZBijZRzwfDmgAKwxcC9EZZbVl2kgjhGzgZ8nXGGjZLDPOmDfpGvcA2ctOmb7lAu6fDTyPjmuhZXxiBS87h36mtIPwjekrM59TXaJju4QdtLD3HOj8dmhfAiYs0-YWGk2vgjWk-9Yh5051SBK9a4kcJy2cOUkSnhQpG7y3QiEnp2XnHJ7aven_L1EY__a3vZD6_gAym25y:1sZn2h:LMLqYfYpf5QnBd2VkMiy1Myoj8T16JjcnDOT6AvorYo", "expire_date": "2024-08-16T16:49:39.805"}}, {"model": "sessions.session", "pk": "ngpffmrj3t5rkra4x0ugcyrdswz5ajxl", "fields": {"session_data": ".eJxVjEEOwiAQRe_C2pDWgQIu3XsGMjMMUjU0Ke3KeHfbpAvd_vfef6uI61Li2mSOY1IXZdXpdyPkp9QdpAfW-6R5qss8kt4VfdCmb1OS1_Vw_w4KtrLVlL1JLjti6jOjJWDDSQQGDkaosxZzH0JwzqfQobdeAGDY9DMYIFafLx7kONM:1sZn3N:K8yq1BcqKzyZNA1v9IyWnIzzj1N8yy_4GRy1pJ7tLJA", "expire_date": "2024-08-16T16:50:21.219"}}, {"model": "sessions.session", "pk": "nr1qft1b2xjareyyo0qj8l8ne6ihr6u7", "fields": {"session_data": ".eJxlkEtuhDAMhu_iNULECSGw7L4nqKrIOKGkzCQVCd2M5u6FDptpd5b_h_X5BsSctlgsbWX2sQSmElK0V1_m5DIMbzd4zDBAThzociagAiowiA6x1UoYrGWDyhhdwdeavoPz6x5ZaKG0W7dwFEgtjVZadC3c3yv4PWq37Ff7kOFpNxIvPh6C-6T4kWpOsaxhrA9Lfaq5fk3OX15O71PBTHne063nrmNtaELqpXPIDfHYCOx7yV47oTvdOsmjmEiJqW8cNjyh3HmMIYUH6f8veWf_8osWpcH7D12vbV8:1sZhdG:wZq1TL1MqV4r-zDKA26w7Qas3iNTFHt9p1cWa6E6ArU", "expire_date": "2024-08-16T11:03:02.323"}}, {"model": "sessions.session", "pk": "nurq5p0kfiswuz2k3hrhe3wm9emuwqhl", "fields": {"session_data": ".eJxlkDtuxDAMRO_C2jD0_7hMvycIAkOUiFjxRgpsOc1i7x5742aTjuCbGWJ4gxBj3Uobw9YmKi3H0HIt4ye1qaYVhtcb_M4wwFpjDtfTAR2EBgO3QhjNrTK9c15qKTv4Wup3TrTsljnMoe7SLR8B0nBnpdFawv2tg8fRcVtpGR9YwNMOQ5ypHCB9hPJe-1hLWzL2h6Q_6dpfaqLry6l9CpjCOu1u5xiRQyVQc8VssDZGR1EkQu84ZyoiMifQM2cZ16SIglM-WYMJEc3R9P-XKI1_-nsmhOfy_gNcQG2v:1sa4Pa:o2tye-HilHz_aQ-tZhCRvSgX2Lx-Oz-9ZD2ijBEoc48", "expire_date": "2024-08-17T11:22:26.910"}}, {"model": "sessions.session", "pk": "o4hukuxihijke6jr78dzhzzb1t38281y", "fields": {"session_data": ".eJxlkMFuhDAMRP_FZ4ScEEjg2Pt-QVUhO7FKyjapIPSy2n8vbLlse7M882zN3IC8z1sqI21lklSipxJzGj-lTDmsMLze4HeGAdbsI11PAiqgAoOyWqPCrlG16zU2toKvJX_HIMtOzDRT3p1bPPimU842Xds2cH-r4PFz3FZZxoes4WnH5GdJhxA-KL3n2udUlsj1YalPda0vOcj15fQ-HZhonXbaORRxbDS3yqAla7134nUQ7p1SaDwzOs09OouqFSNCzvTBdhyYuTuC_i9Jwvgnfo-6NajvP_HobU0:1sXNd1:yYIrlAldq6EIS-WKXgYIHQXzPbrrtmaANmhG5sSfWPY", "expire_date": "2024-08-10T01:17:11.910"}}, {"model": "sessions.session", "pk": "o9musfn0omoq3d5nv1yp4ipj140wyd7i", "fields": {"session_data": ".eJxlUDtuwzAMvQtnw9DPsuyxe09QFAIlMbXqRCosOUuQu8dOvaTlRPD98HgD9D6vqVpc60SpRo815mQvVKccCowfN_jdYYSSfcTzoYAGsMLIe7GNYqpruTLSMNPAz5KvMdCySWacMW_UNe4GUstOGc24gPtnA89QuxZa7BNW8HJz6GdKOxC-MX3l1udUl-jandIeaGnfc6Dz28F9MZiwTJta9Gi0CoOhXjOHnDvVIUn0jhE5Tr1w5iRJeFKkhuD9IBRycr3snMMT25v-_xIF-7e_ZlLw7v4Ag-luXw:1sYH9B:CM4j7FxCv5b5KWTNCmplEIyRMo60-ldYmBt7tOzmUIM", "expire_date": "2024-08-12T12:34:05.168"}}, {"model": "sessions.session", "pk": "omr69szjk9bp2tquovu2q139ngl2zvyy", "fields": {"session_data": ".eJxVjEEOwiAQRe_C2pDWgQIu3XsGMjMMUjU0Ke3KeHfbpAvd_vfef6uI61Li2mSOY1IXZdXpdyPkp9QdpAfW-6R5qss8kt4VfdCmb1OS1_Vw_w4KtrLVlL1JLjti6jOjJWDDSQQGDkaosxZzH0JwzqfQobdeAGDY9DMYIFafLx7kONM:1sZn7m:y-WlJ5nF9ZXD-Drr-qAX5Gfes_rceWNQ3GhOTh0dAbM", "expire_date": "2024-08-16T16:54:54.810"}}, {"model": "sessions.session", "pk": "op5ewlscfw6ufo5kyqd5ygzkdq1xm1st", "fields": {"session_data": ".eJxVjEEOwiAQRe_C2pDWgQIu3XsGMjMMUjU0Ke3KeHfbpAvd_vfef6uI61Li2mSOY1IXZdXpdyPkp9QdpAfW-6R5qss8kt4VfdCmb1OS1_Vw_w4KtrLVlL1JLjti6jOjJWDDSQQGDkaosxZzH0JwzqfQobdeAGDY9DMYIFafLx7kONM:1sZnQD:FUdI1KLpu-cVkwBvX3oqEmoxkae1hbPgIAI8qFdPI1Y", "expire_date": "2024-08-16T17:13:57.515"}}, {"model": "sessions.session", "pk": "ovhdohpdvghnrpurzz8llco74vjre8fw", "fields": {"session_data": ".eJxlkM1uhDAMhN_FZ4TyA_nh2HufoKoi44SSsptUJPSy2ncvdLlse7M834w1vgES5S1Vh1udQ6qRsMac3DXUOfsCw9sNHjMMUDJFvJwOaAArDFwLbq2Q1rRcS9Up3cDXmr-jD-tuWXDBvKNbPAKkkmZHuO7h_t7A71G3lbC6hwxPuxFpCekQ_Cemj9xSTnWNY3sg7amW9jX7cHk52aeAGcu8u_tAWpMyOAm00ntBDGlkXFgrKSjPlVa9lzTyCTs-WeYFo0lIyYQx2Imj6f8vBe_-9jeG8_sPlNltFw:1sXIsw:5XP_d1CltA-YodwrbgypoSk7YDKKSn3vs8XnWuyNV-Q", "expire_date": "2024-08-09T20:13:18.196"}}, {"model": "sessions.session", "pk": "pxb7yqskqr17xxcoe9p9ivgj8996rjgs", "fields": {"session_data": ".eJxlkMFuwyAQRP9lz5YFGDD2sfd-QVWhBTY1dQKVwblE-ffYqS9pb6udebuauQF6n9dULa51olSjxxpzsheqUw4Fxo8b_M4wQsk-4vkgoAGsMPJeCGUUY0MrmZKMN_Cz5GsMtGzEjDPmzbnGne90p6TRjAu4fzbw_GnXQot9yhJedg79TGkXwjemr9z6nOoSXbtb2kMt7XsOdH47vC8HJizTRosejZZhMNRr5pBzJxVSh94xIsepF86cOhKeJMkheD8IiZxc3ynn8MT2oP9LomD_xueaGXF_AMKobgQ:1sZn3B:s9PLNgANhaFGLAvoS_NEdSzy10SaQxGn35h4cGTWn0E", "expire_date": "2024-08-16T16:50:09.423"}}, {"model": "sessions.session", "pk": "pxs1uxusjendazknqhocrmh6z4c4a3ff", "fields": {"session_data": ".eJxlkM1uhDAMhN_FZ4QS5wfCsfc-QVUh44SSsptUEHpZ7bsXuly2vVn-ZsYa34CY85ZKT1uZQiqRqcSc-msoU_YrdG83eMzQwZo50uV0QAVUoJMNopHaoaxl66RDU8HXkr-jD8tumWmmvEu3eAQoq1qrrWwM3N8r-D3ab2tY-geGp91APId0AP9J6SPXnFNZ4lAfkvqka_2afbi8nNqngInWaXebwE3DtqURySnvkQXxICQ6pzhYL21jjVc8yJG0HJ3wKHhEpQS2LWk8mv7_UvD9n_4ojBJO338AXW9tWg:1sZUoj:GU5-SdEXv-5vtaiNfzQCkO2r-Z46AO9WZQupehBLyDI", "expire_date": "2024-08-15T21:22:01.265"}}, {"model": "sessions.session", "pk": "q287qnmou8ruontmzcb8ofju9x29wcos", "fields": {"session_data": ".eJxlkMFuhDAMRP_FZ4SSEJLAsff9gqpCdmKVlG1SkdDLav-9sOWy7c3yzLM1cwP0Pm-pTrjVmVONHmvMafrkOudQYHy9we8MI5TsI15PAhrACqO0SgkhtRtaLbTrhwa-1vwdA687seCCeXdu8eA7I53tTN93cH9r4PFz2gqv00NW8LQj9AunQwgfmN5z63Oqa6T2sLSnWtpLDnx9Ob1PB2Ys8047J5gdaUW91MKitd479iowDU5KoT2RcIoG4ayQPWtmdHoI1lAgInME_V8Sh-lvfGmsVeb-A_62bW8:1sXLFZ:AGzTUZsg37ObFbfMJ0LXKEdNt5taovUpY7oUfObEZVg", "expire_date": "2024-08-09T22:44:49.424"}}, {"model": "sessions.session", "pk": "q3p1b7zw0smb0xxus7s2jra5meuwtjui", "fields": {"session_data": ".eJxlkMFuhDAMRP_FZ4SSQBLDsff9gqpCdmIVyjapIPSy2n8vbLlse7P8ZsYa34BCyFsqA21llFSmQGXKafiUMua4Qv96g98ZelhzmOh6OqACKtBrb4yyTnlfOzS6Q1vB15K_pyjLbplpprxLt-kIaJxG3zhrG7i_VfA4OmyrLMMDG3jaMYVZ0gHiB6X3XIecyjJxfUjqk671JUe5vpzap4CR1nF3IyoR5Naw1a3y5H0IKMFE4Q61Vm1gVmi4U-iVttKKELZd9I4jM7uj6f8vSRz-9u8ag839B-pWbXw:1sXZS1:DBUFJWocq4rJf5BTxxL0LXUVmMaXaZApDhpIh6vqbfo", "expire_date": "2024-08-10T13:54:37.700"}}, {"model": "sessions.session", "pk": "q72ovy1jwlyyrzrryfdugx9chquvsisn", "fields": {"session_data": ".eJxlkM1uhDAMhN_FZ4QSyC_H3vcJqgrZiVVStkkFoZfVvnthy2Xbm-WZz9bMDTCEsuU64lYnzjUFrKnk8ZPrVOIKw-sNfmcYYC0h4fUkoAGsMEjbSe-19Kb12pjeNPC1lO8UedmJGWcsu3NLB98b6WxvtO7h_tbA4-e4rbyMD7mDpx1hmDkfQvzA_F7aUHJdErWHpT3Vtb2UyNeX0_t0YMJ12mnnBLMj1ZGWSli0NgTHoYtM3kkpVCASriMvnBVSs2JGp3y0hiIRmSPo_5I4jn_jW-WF1vcfFgttmg:1sXJc5:Zi-4YZCGQ3u5DlpLiZBJWUTs0mpOrMhPI7ZyFgQvCyo", "expire_date": "2024-08-09T20:59:57.124"}}, {"model": "sessions.session", "pk": "qg52qv07xbajxwofy3nrkcr97955btte", "fields": {"session_data": ".eJxlUMtuhDAM_BefEcoDHMKx935BVSHjhJKym1QQelntvzd0uWx7szwPz_gGxJz2mAfa8-xjDkw5pDhcfZ6T26B_u8Fjhh62xIEupwIqoAy9NEpaq4WwtWkR0cgKvtb0HZxfi2ShhVKh7uEw0Kg7bFCaFu7vFfweHfbNr8MDhqfdSLz4eADuk-JHqjnFvIaxPij1iW71a3L-8nJynwxm2uaibj0bw9jRpMhq5xQL4lFIVXKzRyfRYOs0j3KiRk5WOCV4UloL1XXUqKPp_y95N_ztj6a0a-8_aMhtfw:1sXJ2n:Hxtm7ihCFjRn4o53dF2BwH-bQeGt6ZrTajHxSrl87wQ", "expire_date": "2024-08-09T20:23:29.775"}}, {"model": "sessions.session", "pk": "qgzqeo7010vjw3yipzljk9npnlbyzxev", "fields": {"session_data": ".eJxlkMFuhDAMRP_FZ4SSGJLAsfd-QVUh44SSsptUJPSy2n8vdLlse7P8ZsYa34CY0xbLQFuZfSyBqYQUh6svc3IZ-rcbPGboIScOdDkdUAEV6KVRCoVFYWqhsUUjK_ha03dwft0tCy2UdukWjgDUaHWjpWnh_l7B79Fhy34dHhiediPx4uMB3CfFj1RzimUNY31I6pPm-jU5f3k5tU8BM-V5d7eejWFtaVLUoXOKBfEopOo6ZK-d1Ea3DnmUEzVy6oRTgieFKJS11Kij6f8veTf87W_aDq25_wBSUm1e:1sYd4F:ElVReVj1QBGib0m5W4j6HHrlllCrYeLaMsCPuIuHc08", "expire_date": "2024-08-13T11:58:27.112"}}, {"model": "sessions.session", "pk": "qlyhc1ssuto2zw03p5djjv7mlxhlsxl6", "fields": {"session_data": ".eJxlkEtuhDAMhu_iNYryIiEsu-8JqioyTigpM0kFoZvR3L3QYTPtzvL_sD7fAInKlqvHrU4x10RYU8n-GutUwgr92w0eM_SwFkp4ORPQAFbohZXCdU5LwaRSRjvbwNdSvlOIyx6ZccayW7d0FCijOqONsC3c3xv4Peq3NS7-IcPTbkCaYz6E8In5ozAquS5pYIeFnerKXkuIl5fT-1Qw4Trt6TaStWQ6HCU6FYIkjjRwIZ1TFE0Qxpo2KBrEiFqMjgfJadxpuOw61PIg_f-lGPxffq0NV_L-A2eDbWs:1sXI6v:Q6qqYcsY1FSlBmGFRBC_Pi9Q9ktjuAYuWcTsb73jtZ0", "expire_date": "2024-08-09T19:23:41.252"}}, {"model": "sessions.session", "pk": "qxm2frvutbwz7fc965fsy9yjvkqdk3so", "fields": {"session_data": ".eJxVjEEOwiAQRe_C2pDWgQIu3XsGMjMMUjU0Ke3KeHfbpAvd_vfef6uI61Li2mSOY1IXZdXpdyPkp9QdpAfW-6R5qss8kt4VfdCmb1OS1_Vw_w4KtrLVlL1JLjti6jOjJWDDSQQGDkaosxZzH0JwzqfQobdeAGDY9DMYIFafLx7kONM:1sZn3N:K8yq1BcqKzyZNA1v9IyWnIzzj1N8yy_4GRy1pJ7tLJA", "expire_date": "2024-08-16T16:50:21.442"}}, {"model": "sessions.session", "pk": "rgaei1dm5pwuv36bwox3pdvr79h26lrq", "fields": {"session_data": ".eJxlkMFuhDAMRP_FZ4QSB0LCsfd-QVVFxgklZTepIPSy2n8vdLlse7M882zN3ICY85aKo61MIZXIVGJO7hrKlP0K_dsNHjP0sGaOdDkJqIAK9LJDbLVtDNbCGIGygq8lf0cflp2Yaaa8O7d48Eoroxstuxbu7xX8_nTbGhb3kOFpNxDPIR2C_6T0kWvOqSxxqA9Lfapr_Zp9uLyc3qcDE63TTreBu461oRHJKu-RBfEgJFqrOGgvdadbr3iQIzVytMKj4BGVEmgMNXgE_V9S8O5vfGs0KnP_AQ5nbT8:1sZj0k:kHCAK_oELNfNzl56tcTSmU1AfrsPab7x1Oojw_DQPAo", "expire_date": "2024-08-16T12:31:22.105"}}, {"model": "sessions.session", "pk": "rhbjyt5hip4eyehnjhbvezkktnw4h55p", "fields": {"session_data": ".eJxlUEtuhDAMvYvXCOUDSWDZfU9QVZFxQkmZSSoSuhnN3Us6bKb1yvL76fkGSJT2WCzuZfGxBMISUrRXX5bkMoxvN3jsMEJOFPByKqABLDByLepow9qeD8aovoGvLX0H57dDsuKK6aDuoRpIJY3qFNc93N8b-A21e_abfcDwdJuQVh8r4D4xfqSWUixbmNpKaU80t6_J-cvLyX0yWDAvh7r3pDUpg7PAQToniCFNjIthkOSV40qr3kma-IwdnwfmBKNZSMmEMdiJ2vT_l7yzf_tLoYQ09x9jf21l:1sYGom:JsJ-7PQqldlpibVdzQ8i68l0ihfoPCWuLCy2f9k3gsk", "expire_date": "2024-08-12T12:13:00.550"}}, {"model": "sessions.session", "pk": "rujzb04dqb14kwhyya3zq6926wbbenna", "fields": {"session_data": ".eJxlkM1uhDAMhN_FZ4SSkD849r5PUFXITqySsk0qCL2s9t0LWy7b3ix_M2ONb4AhlC3XEbc6ca4pYE0lj59cpxJXGF5v8DvDAGsJCa-nAxrACoN0SlnvnTKtksY6rRr4Wsp3irzslhlnLLt0S0dAZ6V3nTWmg_tbA4-j47byMj6wgqcdYZg5HyB-YH4vbSi5LonaQ9KedG0vJfL15dQ-BUy4Trvbe8HsSSsyUguHzoXgOajI1HsphQ5EwivqhXdCGtbM6HUfnaVIRPZo-v9LHMe__ZUUnb3_AOn5bXU:1saE21:khxaO9XExH1NAXXuFtrUpeRGC9SuAX8a9TGUbwQ1vds", "expire_date": "2024-08-17T21:38:45.227"}}, {"model": "sessions.session", "pk": "ryqlgwgcswg0o429vosz0nvmds0iaz2m", "fields": {"session_data": ".eJxlkMFuhDAMRP_FZ4TihCTAsfd-QVVFxgklZTepIPSy2n8vdLlse7M882zN3ICY85aKo61MIZXIVGJO7hrKlP0K_dsNHjP0sGaOdDkJqIAK9GilNMK2iLVqEC1W8LXk7-jDshMzzZR35xYPXhnVmsag1XB_r-D3p9vWsLiHDE-7gXgO6RD8J6WPXHNOZYlDfVjqU13r1-zD5eX0Ph2YaJ12Wge2lk1Lo6ROeS9ZEA8CZdcpDsajsUZ7xQOO1ODYCS8Fj1IpIduWGnkE_V9S8O5vfN2g1Or-AwAabRo:1sZsyx:ZEddpBuymOZ8WYGwREMUM9I2_-Wpffg2Oo2IqQGsdWg", "expire_date": "2024-08-16T23:10:11.362"}}, {"model": "sessions.session", "pk": "sncuww8vw214uyd3udnjuk9kgw7gaeux", "fields": {"session_data": ".eJxlkM1uhDAMhN_FZ4SSQP449r5PUFXITqySsk0qCL2s9t0LWy7b3ix_M2ONb4AhlC3XEbc6ca4pYE0lj59cpxJXGF5v8DvDAGsJCa-nAxrACoO0SnqvhHSt10I7axv4Wsp3irzslhlnLLt0S0dAZ6SzndG6g_tbA4-j47byMj6wgqcdYZg5HyB-YH4vbSi5LonaQ9KedG0vJfL15dQ-BUy4TrvbOcHsqFekZS8sWhuC46Aik3dSij4QCafIC2eF1Nwzo-t9tIYiEZmj6f8vcRz_9jedUKa7_wBdQm2y:1sXImp:DfpclC5DM4azdCE3Zec9W74VR7Tp8gjOuF0g9y8YS9A", "expire_date": "2024-08-09T20:06:59.004"}}, {"model": "sessions.session", "pk": "sor05d86wonpddbps7rzuatofqo9199x", "fields": {"session_data": ".eJxlkMFuhDAMRP_FZ4SSAInh2Pt-QVUhO7FKyjapIPSy2n8vbLms9mZ55tmauQF5n7dURtrKJKlETyXmNH5LmXJYYXi_wf8MA6zZR7qeBFRABQbtjLEWHZpaNcqhq-Bnyb8xyLITM82Ud-cWD76xGl1ju66B-0cFj5_jtsoyPmQDTzsmP0s6hPBF6TPXPqeyRK4PS32qa33JQa5vp_fpwETrtNOISgS5NdzpVjlyznsUb4Jwj1qr1jMrNNwrdEp30ooQtn1wlgMz2yPoa0kSxpf4ndH9_Q-c6m1L:1sa8qM:SUAPMijxhicWSmu6fFltlQLieJQ6FIc6YmxeJ7hoCLw", "expire_date": "2024-08-17T16:06:22.097"}}, {"model": "sessions.session", "pk": "suhs0bf54cexah7m9qglden07l5pte4o", "fields": {"session_data": ".eJxlkM1uhDAMhN_FZ4TyRxI49r5PUFXITqySsk0qCL2s9t0LWy7b3ix_M2ONb4AhlC3XEbc6ca4pYE0lj59cpxJXGF5v8DvDAGsJCa-nAxrACoN0SgkprHStttpa0zfwtZTvFHnZLTPOWHbplo4AbaV32nadhvtbA4-j47byMj6wgqcdYZg5HyB-YH4vbSi5LonaQ9KedG0vJfL15dQ-BUy4Trvbe8HsySjqpBEOnQvBc1CRqfdSChOIhFfUC--E7Ngwozd9dJYiEdmj6f8vcRz_9nedFur-A90obVs:1sXNcn:6oirVXtyjQ5E5Ut5l0QFFBxz8NFfhPZKwGmyFOm-JIk", "expire_date": "2024-08-10T01:16:57.383"}}, {"model": "sessions.session", "pk": "ta3r3dqrwvr56m3jb2gv4kxquqxt7b1p", "fields": {"session_data": ".eJxVj00OgyAQhe_CuiGCKOiy-56BzAxjpbWQKHbT9O7VxC58y_fzJe8jgCivqfg3z3GIHDy_IE6iT-s0XYSHtYx-XXj2MYheGHHyEOjJaQ_CA9I9S8qpzBHlXpFHushbDjxdj-4JMMIybmttwbUmdI5tWyEohaYBroGwYkbFVqMbatbEhk0XiDptQDHaukGEodqg_x87m1OJBGU7A0X0yupNyrZONs4aVdnvDxGmUqg:1sYGYS:JCGmErLxVDOx-j2xD1IzYswNAU71dMSu8G2I5C92fHA", "expire_date": "2024-08-12T11:56:08.595"}}, {"model": "sessions.session", "pk": "tcsy20yf8b7sapmhitn9wdhllcawlj10", "fields": {"session_data": ".eJxlkMFuhDAMRP_FZ4QSJySBY-_9gqpCxgklZTepIPSy2n8vdLlse7P8ZsYa34CY85ZKT1uZQiqRqcSc-msoU_YrdG83eMzQwZo50uV0QAVUoJMWEbVDtLVFbZw0FXwt-Tv6sOyWmWbKu3SLR4AyyhltpG3g_l7B79F-W8PSPzA87QbiOaQD-E9KH7nmnMoSh_qQ1Cdd69fsw-Xl1D4FTLROu7sJbC0bRyNSq7xHFsSDkNi2ioPx0ljTeMWDHEnLsRUeBY-olEDnSOPR9P-Xgu__9ldWKLT3H1_UbWU:1sYNRD:27aEnGmVp8jEBBovRJFez2BY3sWXNTBOqXYJvLdV1nY", "expire_date": "2024-08-12T19:17:07.780"}}, {"model": "sessions.session", "pk": "tg20rg5030hufz6me42m38xefewyrv78", "fields": {"session_data": ".eJxVjEEOgjAQRe_StWlmBlqKS_eeoWlnBosaSCisjHdXEha6_e-9_zIxbWuJW9UljmLOBs3pd8uJHzrtQO5pus2W52ldxmx3xR602uss-rwc7t9BSbV8a20GRmJKTrATzD0PQC36XomYWweKIB4heQ0QCFzbONcjhQxdRvbm_QHZnzbt:1sXF2F:ExNgZcfEOkiZKkC_QETAbGbfaiAe2EHgP59PS64I_Pg", "expire_date": "2024-08-09T16:06:39.680"}}, {"model": "sessions.session", "pk": "tr673t89w4w1ajkk9i4fbhses45twms3", "fields": {"session_data": ".eJxVj0EOwiAQRe_C2pAWLDBduvcMZICpRSskLbgx3l2a1IWL2cx__yX_zdD7XFOxL1rjFClYemJc2JjqspyYxVpmWzdabQxsZIr9_Rz6B6U9CHdMt8x9TmWNju8IP9KNX3Og5XKwf4IZt7m1ndO-B8RgFEjECXRnzhoMSKXNACoMioIgNJI0gQahewNAKEhMDfFN-tuxuymV6LG0MVjY2GshlJKtxNt10ny-XcVQ9w:1sa7a3:JctAuZRWyiQNRVYXGavpCDd5EA1MraR3P0rmjvCnWYc", "expire_date": "2024-08-17T14:45:27.930"}}, {"model": "sessions.session", "pk": "ua17cdefxe15kutfj09lh2syiuw17hz9", "fields": {"session_data": ".eJxlkL1uwzAMhN-Fs2Ho15I9du8TFIVBSUytOpEKS84S5N1jp17SbgS_uyOON0Dv85rqiGudKNXoscacxgvVKYcCw8cNfmcYoGQf8Xw4oAGsMHAjhLaql7o1zHCtZAM_S77GQMtmmXHGvEnXuAfITmplO8YF3D8beB4d10LL-MQKXnYO_UxpB-Eb01dufU51ia7dJe1BS_ueA53fDu1LwIRl2tzCoO1U6C2Zjjnk3CmNJNE7RuQ4GeHsSZLwpEj1wfteKOTkjNTO4YntTf9_icL4tz-3gon7AyOfbk4:1sZn1z:UNkn-X-UMwwDnV5W7ym12vl3qk1EG6zrfEInzmpBn8s", "expire_date": "2024-08-16T16:48:55.726"}}, {"model": "sessions.session", "pk": "ufgw9xwrbxx69z0m1tlwgv4hqarj3awl", "fields": {"session_data": ".eJxlkMFuhDAMRP_FZ4SSkJCEY-_7BVWF7MQqKdukgtDLav-9sOWy7c3yvBlrfAMMoWy5jrjViXNNAWsqefzkOpW4wvB6g98ZBlhLSHg9HdAAVhikVao3RkvTSqek8r6Br6V8p8jLbplxxrKjWzoCul462-14B_e3Bh5Hx23lZXzICp52hGHmfAjxA_N7aUPJdUnUHkh7qmt7KZGvLyf7FDDhOu1u5wSzI63ISC0sWhuC46Aik3dSCh2IhFPkhbNCGtbM6LSPtqdIRP3R9P-XOI5_-_tOOmnuP1GwbaQ:1sa5Ml:oPmumTAR6aCnPut-BV3_sVHPOTgBiclGUBwnNMSc358", "expire_date": "2024-08-17T12:23:35.200"}}, {"model": "sessions.session", "pk": "uz9o8zj2v1nfj1juhwb1tk0rwz4q82q9", "fields": {"session_data": ".eJxlkMFuhDAMRP_FZ4SSkJDAsff9gqpCdmKVlG1SkdDLav-9sOWy7c3ymxlrfAP0Pm-pTrjVmVONHmvMafrkOudQYHy9we8MI5TsI15PBzSAFUZplRJiUN3QOmW0FbaBrzV_x8DrbllwwbxLt3gEdL10tuuN6eD-1sDj6LQVXqcHVvC0I_QLpwOED0zvufU51TVSe0jak5b2kgNfX07tU8CMZd7dzglmR1qRkVpYtNZ7x14FpsFJKbQnEk7RIJwV0rBmRqeHYHsKRNQfTf9_icP0t3_ntDTy_gNPa22h:1sXNGZ:MKkYqEbYNa61IpvBxl9YZALQcH_VqAbkr-8mOR26T80", "expire_date": "2024-08-10T00:53:59.883"}}, {"model": "sessions.session", "pk": "uzf04k89j7ktp6yfbq3fvqvdqngg1574", "fields": {"session_data": ".eJxlkEtuhDAMhu_iNUJJDAmw7L4nqKrIOKGkzCQVCd2M5u6FDptpd5b_h_X5BsSctlgsbWX2sQSmElK0V1_m5DIMbzd4zDBAThzociagAiowSKOUlgpR1b2QArGp4GtN38H5dY8stFDarVs4ClBjpxstTQv39wp-j9ot-9U-ZHjajcSLj4fgPil-pJpTLGsY68NSn2quX5Pzl5fT-1QwU573dOvZGNYdTYp6dE6xIB6FVH2P7LWT2ujWIY9yokZOvXBK8LQjCdV11KiD9P-XvLN_-SW2KPH-A0jebUM:1sZu9s:8gR9FVpFFB9_YGDY2KO1SiJPkI6w43pci4QRdDWtT9Y", "expire_date": "2024-08-17T00:25:32.921"}}, {"model": "sessions.session", "pk": "v0u393wrr5htr8p3icux417xndmdn9fq", "fields": {"session_data": ".eJxlkMFuhDAMRP_FZ4SSOCSBY-_9gqpCxgklZTepIPSy2n8vdLlse7M882zN3ICY85ZKT1uZQiqRqcSc-msoU_YrdG83eMzQwZo50uUkoAIq0EmrlNISW1sLhUZjBV9L_o4-LDsx00x5d27x4NGgM9pI28D9vYLfn_22hqV_yPC0G4jnkA7Bf1L6yDXnVJY41IelPtW1fs0-XF5O79OBidZpp5vA1rJxNCpq0XvFgngQUrUtcjBeGmsajzzIkbQcW-GV4FEhCuUcaXUE_V9S8P3f-Kitcfcflz5s9g:1sYLf3:m0d-eHHW6yCxuXzmUqBp6kOA80zynqK_T_tEKm91pkI", "expire_date": "2024-08-12T17:23:17.042"}}, {"model": "sessions.session", "pk": "vctr6jeyu0fis96596ee3j96e76rs6bu", "fields": {"session_data": ".eJxlUEtuhDAMvYvXCOUDSWDZfU9QVcjYoaTMJBUJ3Yzm7oUOm2m9svw-9vMNkChtsQy4ldnHEghLSHG4-jInztC_3eDRQw85UcDLqYAKsEAvrdqrVVLV1rRWdraCrzV9B_brLllwwbRTt3AYaKOdaYy0LdzfK_hdOmzZr8MDhqfZiLT4eAD8ifEj1ZRiWcNYH5T6RHP9mthfXk7uk8GMed7VrSdryTicFHaaWZFAGoVUXafJG5Zmv5w1jXLCRk6dYCVoUloL5Rw26kj6_0ueh7_5rRHOtvcfXC5tYg:1sYHS0:A7vSl9rcJomFg3fYXVUBBsOut5QVZJKG1SYq0h2__ts", "expire_date": "2024-08-12T12:53:32.783"}}, {"model": "sessions.session", "pk": "vhyx1pn7legsqgyluv2vphdsulthburo", "fields": {"session_data": ".eJxlkL1uwzAMhN-Fs2FY_5LH7n2CojAoialVJ1Jhy1mCvHvs1EvajeB3d8TxBhhCWXMdcK0j5ZoC1lTycKE6lrhA_3GD3xl6WEpIeD4c0ABW6JnhnEuuhG65FtJZ0cDPXK4p0rxZJpywbNI17QFCCyWt7hiH-2cDz6PDutA8PLGEl53HMFHeQfzG_FXaUHKdk293SXvQpX0vkc5vh_YlYMRl3NzcoNUyOktGdx4Z81IhCQy-I_KMDPf2JIgHkiRdDMFxiYy8Ecp7PHV70_9fojj87W-kU_cHsIduFQ:1sYLxQ:gzXVgVAbCTrz9qUjV_1w7d7fHZeQzt20ePjC_xRGyGU", "expire_date": "2024-08-12T17:42:16.282"}}, {"model": "sessions.session", "pk": "vlw5371mmti7w8yc7ow1fluq2iybznlx", "fields": {"session_data": ".eJxlUMtuhDAM_BefEUpCIIZj7_sFVYXsxCop26SC0Mtq_72w5bLtzfI8POMbkPd5S2WkrUySSvRUYk7jp5QphxWG1xv8zjDAmn2k66mACqjAoJ0xXautc7XrHTaNqeBryd8xyLJLZpop79QtHgZNp9E1Xds2cH-r4HF03FZZxgds4GnH5GdJBxA-KL3n2udUlsj1QalPdK0vOcj15eQ-GUy0TrsaUYkgW8N7TuXIOe9RvAnCPWqtrGdWaLhX6JRuxYoQ2j64jgMzd0fT_1-SMP7pj1opa-8_775teA:1sa4LF:fmYoQsnugzzherhV6uWv0UyrTAqJScCrYVxXVTJcv9E", "expire_date": "2024-08-17T11:17:57.819"}}, {"model": "sessions.session", "pk": "w7rfnx8i23xk91zwnyyq5g05ygq5aczm", "fields": {"session_data": ".eJxVj7FuxCAQRP-FOkLAYbO4TH_fgHaXvZjEwZKN00T372dLvsLtvJknzb9C5nmrLf3JUh5FcpJfLJMa6jZNHyrh1sa0rbKkktWgnLpkhPwj9QD5G-vXrHmubSmkj4o-6arvc5bp8-xeBCOu474GMCJA3lFnvQkYAjMIuywUwVrjmciAo2ggGNuJF0HwMYeeMhH1u_T943BLbYWx7WewqcEGZyP09tbrzpoYbuH5As2wUc4:1sXHFw:CnvBjExCQtnGX0JdtBHmiW9iyXGR9pSz1tCPtRRdL1A", "expire_date": "2024-08-09T18:28:56.638"}}, {"model": "sessions.session", "pk": "wqd241ayoha4l2kiwm5s05ix89409ns4", "fields": {"session_data": ".eJxlkM1uhDAMhN_FZ4TySwLH3vcJqgrZiVVStkkFoZfVvnthy2Xbm-WZz9bMDTCEsuU64lYnzjUFrKnk8ZPrVOIKw-sNfmcYYC0h4fUkoAGsMEinlDBOCd0qo7SyDXwt5TtFXnZixhnL7tzSwetOeqc7azXc3xp4_By3lZfxISt42hGGmfMhxA_M76UNJdclUXtY2lNd20uJfH05vU8HJlynnfZeMHsyiqw0wqFzIXgOKjL1XkphApHwinrhnZCWDTN600fXUSSi7gj6vySO49_41kjdu_sP7DRtVQ:1sXX8t:H2EZ9aJeIbjyQVupLQezBGru9aQcnAv-_FyjYVFXwa8", "expire_date": "2024-08-10T11:26:43.262"}}, {"model": "sessions.session", "pk": "wt3hgbgqdx8khzs1ooak15wfxikjq4um", "fields": {"session_data": ".eJxVjEEOwiAQRe_C2pDWgQIu3XsGMjMMUjU0Ke3KeHfbpAvd_vfef6uI61Li2mSOY1IXZdXpdyPkp9QdpAfW-6R5qss8kt4VfdCmb1OS1_Vw_w4KtrLVlL1JLjti6jOjJWDDSQQGDkaosxZzH0JwzqfQobdeAGDY9DMYIFafLx7kONM:1sZ2Ns:tXho-nhkhOhBZ6ZzSAjzOeaRj9C3m0O7d0u5PB5QgE4", "expire_date": "2024-08-14T15:00:24.606"}}, {"model": "sessions.session", "pk": "xocvaofmbkhv0jesqglx4beaq3y5cujh", "fields": {"session_data": ".eJxVjEEOwiAQRe_C2pDWgQIu3XsGMjMMUjU0Ke3KeHfbpAvd_vfef6uI61Li2mSOY1IXZdXpdyPkp9QdpAfW-6R5qss8kt4VfdCmb1OS1_Vw_w4KtrLVlL1JLjti6jOjJWDDSQQGDkaosxZzH0JwzqfQobdeAGDY9DMYIFafLx7kONM:1sZnQD:FUdI1KLpu-cVkwBvX3oqEmoxkae1hbPgIAI8qFdPI1Y", "expire_date": "2024-08-16T17:13:57.673"}}, {"model": "sessions.session", "pk": "xx7egcl2a7uexlzuztg62fxlt2tym22e", "fields": {"session_data": ".eJxlkMFuwyAMht_F5wgBIQFy3H1PME2RAXdhaWEKpJeq796ky6WbT5b__7P1-wbofV5THXGtE6UaPdaY03ihOuVQYPi4wW8PA5TsI54PAhrACoPQciul-o5Zw4UWDfws-RoDLRsx44x5c65x59u-7ZTpuZBw_2zgeXNcCy3jU1bwMnPoZ0q7EL4xfWXmc6pLdGy3sEMt7D0HOr8d3pcFE5Zpo6VG06tgDemeOxTCqQ6pRe84kROkpTOnlqQnRcoG761UKMjptnMOT3wP-v9JFMa_8S23UtwfyqhuEQ:1sYHFx:UItaIvKZXGwGYSyVTovv0mdSp47DvWAxOSyHK683yos", "expire_date": "2024-08-12T12:41:05.997"}}, {"model": "sessions.session", "pk": "xy45wwby5cvfp2ydekf8gwjg8qfwzw9r", "fields": {"session_data": ".eJxlkM1uhDAMhN_FZ4TyR2I49r5PUFUoTqySsk0qCL2s9t0LWy7b3ix_M2ONb-BDKFuuo9_qxLmm4GsqefzkOpW4wvB6g98ZBlhLSP56OqABX2GQTimlO4OyRSV71LaBr6V8p8jLbpn97Msu3dIRoK1Ep23Xabi_NfA4Om4rL-MDK3jakQ8z5wPED5_fSxtKrkui9pC0J13bS4l8fTm1TwGTX6fdjSiYkYyiThrhvHMhIAcVmXqUUphAJFBRL9AJ2bFh9mj66CxFIrJH0_9f4jj-7a-1EMrefwBTaG2d:1sYK7d:uh9MEvlOPHOO_1b4EF6rtCe0_eauRAT4MDhYW5ZTmlM", "expire_date": "2024-08-12T15:44:41.840"}}, {"model": "sessions.session", "pk": "y9ig51rr45seabfd2dinvr1px6pnm3dt", "fields": {"session_data": ".eJxlkMFuhDAMRP_FZ4QcBxLg2Hu_oKqQcUJJ2U0qCL2s9t8LXS7b3iy_mbHGN2CRtMXc85YnH3MQziHF_urzlNwK3dsNHjN0sCYJfDkdUABn6JQlogqJbIktIlZUwNeSvoPzy26Zeea0S7dwBGijG1MZZWu4vxfwe7TfVr_0DwxPu4Fl9vEA7pPjRyolxbyEoTwk5UnX8jU5f3k5tU8BE6_T7q69WCum4ZG41c6RIMuAitpWizdOGWtqp2VQI1dqbNERykhaIzUNV3Q0_f8l7_o__RWqBnV9_wFDWm03:1sYLMB:M-kK9JB347kpbpHmBVY8RC_spvM10LYpLnCfp2c5jIU", "expire_date": "2024-08-12T17:03:47.109"}}, {"model": "sessions.session", "pk": "z29zf2f9wqqmxr7avrpf02r5gc8ev5qe", "fields": {"session_data": ".eJxlkM1uhDAMhN_FZ4SSkF-Ove8TVBWyE6tQtkkFoZfVvnthy2Xbm-VvZqzxDTDGsuU64FZHznWKWKeSh0-uY0kr9K83-J2hh7XECa-nAxrACr10SlkrVafbThttgmrgaynfU-Jlt8w4Y9ml23QEdFZ611ljOri_NfA4OmwrL8MDK3jaEcaZ8wHSB-b30saS6zJRe0jak67tpSS-vpzap4AR13F3ey-YPWlFRmrh0LkYPUeVmIKXUuhIJLyiILwT0rBmRq9DcpYSEdmj6f8vcRr-9jfBBWfuP02rba0:1sa6sc:BhiaVfEXm5TQGt-IOyVTq4zc-xydMD9sF5ueZOczFXk", "expire_date": "2024-08-17T14:00:34.484"}}, {"model": "sessions.session", "pk": "z7yze8mlz06jc17xd3lea0axr536krtd", "fields": {"session_data": ".eJxlkMFuhDAMRP_FZ4QSB5LAsfd-QVVFxgklZTepIPSy2n8vdLlse7M882zN3ICY85aKo61MIZXIVGJO7hrKlP0K_dsNHjP0sGaOdDkJqIAK9NIgKmEVqloII2UFX0v-jj4sOzDTTHk3bvHAlVZWN1qaFu7vFfy-dNsaFveQ4Wk3EM8hHYL_pPSRa86pLHGoD0t9qmv9mn24vJzepwMTrdNOt4GNYW1pROqU98iCeBASu05x0F5qo1uveJAjNXLshEfBIyol0Fpq8Mj5v6Pg3d_00nYC2_sPp3Js3A:1sYd4V:6BEJZ_EcF4vgCFWrwoTZzdBkl0P81SSaDyvrmfHUHio", "expire_date": "2024-08-13T11:58:43.026"}}, {"model": "sessions.session", "pk": "zc0voj7x238y451wb2yjvfkean27u8fs", "fields": {"session_data": ".eJxlkMtuhDAMRf_FaxTlAXmw7L5fUFXIOKGkzCQVhG5G8-8lHTbT7izfe2xf3wCJ8p7KgHuZQyqRsMSchmsoc_Yb9G83eNTQw5Yp4uUkoAEs0AsjhXNKGs6sE9K5Br7W_B19WA9iwQXz4dxj5ZVWVrdamA7u7w387hz2LazDQ4an3oi0hFQF_4npIzPKqaxxZNXCTnVjr9mHy8vpfRow4zYfdBfIGNIWJ4lOeS-JI4283qooaC-00Z1XNIoJWzE57iWnSSrFpbXYyhr0_5OCH_7Ed7zjSt9_AK8vbQs:1sXJ71:TEBvzIdAbeVoyVVHDulPhR4od0gcEYVytbhiGCk6qzo", "expire_date": "2024-08-09T20:27:51.055"}}, {"model": "sessions.session", "pk": "zvlxutgpycqjr3y2pz4ffpwhhpljr7yk", "fields": {"session_data": ".eJxlUEtuhDAMvYvXCJE4MZ9l9z1BVSHjhJIyk1QQuhnN3QsdNtOubPn99HwDFklbzD1vefIxB-EcUuyvPk_JrdC93eCxQwdrksCXUwEFcIZO1VqTpZaa0qLZJxbwtaTv4PyyS2aeOe3ULRwGSNiQIVVbuL8X8Bvab6tf-gcMT7eBZfbxANwnx49USop5CUN5UMoTXcvX5Pzl5eQ-GUy8TrvaeqlroYZHzS06p6ViGSql2xbFk1NUk3UogxrZqLGtnK5k1IiVbho2-mj6_0ve9X_7G0to8P4DclNthg:1sa5lo:1fYBdE3mBWg6U_dWIGCEWQ0pbpPSTavKE8OnuWmysUU", "expire_date": "2024-08-17T12:49:28.553"}}, {"model": "sessions.session", "pk": "zyxi3l38qcfa1ym1gcx9ir9raafk946y", "fields": {"session_data": ".eJxlUDtuwzAMvQtnQ7A-lmSP3XuCohAoialVJ1Jhy1mC3D126iUtJ4Lvh8cbYAhlzdXhWkfKNQWsqWR3oTqWuMDwcYPfHQZYSkh4PhTQAFYYuBHbSG47ZqUQvdEN_MzlmiLNm2TCCctGXdNuILXslNUtF3D_bOAZ6taFZveEFbzcPIaJ8g7Eb8xfhYWS65w82ynsQBf2XiKd3w7ui8GIy7iphUGrVewtGd165NyrDkli8C2R52SEtydJIpAi1ccQeqGQkzey8x5P7d70_5cour_9lbLWmPsDjeVuiA:1sYGvJ:XfT7Vt12UTYRCUWffUXGkAG8XRs5qs5gVKfleZvmJJ0", "expire_date": "2024-08-12T12:19:45.888"}}, {"model": "sites.site", "pk": 1, "fields": {"domain": "3.36.243.22", "name": "3.36.243.22"}}, {"model": "accounts.user", "pk": 2, "fields": {"password": "!v1yOdYq4V2xifjrunVVS5PGP49OF89ICr6PTCEya", "last_login": "2024-08-04T12:55:45.548", "is_superuser": false, "first_name": "", "last_name": "", "is_staff": false, "is_active": true, "date_joined": "2024-07-26T18:28:56.478", "email": "minwin0130@hanmail.net", "name": "", "nickname": "", "profile_image": "user/2/IMG_6134.JPG", "groups": [], "user_permissions": []}}, {"model": "accounts.user", "pk": 3, "fields": {"password": "!B3A99l55wvm5O59w1Z0EAvSQ6z1SwXBQ0lrKuVCy", "last_login": "2024-08-03T12:51:54.315", "is_superuser": false, "first_name": "", "last_name": "", "is_staff": false, "is_active": true, "date_joined": "2024-07-26T18:31:00.682", "email": "sjp0805@naver.com", "name": "test", "nickname": "", "profile_image": "", "groups": [], "user_permissions": []}}, {"model": "accounts.user", "pk": 4, "fields": {"password": "!9vkZeSb0H2LP96VhNrxT11qEIXCYgRxSlE27Mxgo", "last_login": "2024-08-02T16:50:09.411", "is_superuser": false, "first_name": "", "last_name": "", "is_staff": false, "is_active": true, "date_joined": "2024-07-29T11:56:08.553", "email": "warmday777@gmail.com", "name": "test", "nickname": "", "profile_image": "", "groups": [], "user_permissions": []}}, {"model": "accounts.user", "pk": 5, "fields": {"password": "pbkdf2_sha256$720000$jeZDGjjMrvtUsuimY5Y9dC$xkEytwRt/+yD7wuUAZF0DmKOU/69y3SUsX/MNRuaFak=", "last_login": "2024-08-03T16:40:56.306", "is_superuser": true, "first_name": "", "last_name": "", "is_staff": true, "is_active": true, "date_joined": "2024-07-31T15:00:15.805", "email": "testing@naver.com", "name": "test", "nickname": "", "profile_image": "", "groups": [], "user_permissions": []}}, {"model": "accounts.user", "pk": 6, "fields": {"password": "!dPKqabSBM0moIr0Ha38w8XermTbwjwoeriGDoJZg", "last_login": "2024-08-03T14:45:27.925", "is_superuser": false, "first_name": "", "last_name": "", "is_staff": false, "is_active": true, "date_joined": "2024-08-03T14:45:27.909", "email": "min031106@naver.com", "name": "", "nickname": "", "profile_image": "", "groups": [], "user_permissions": []}}, {"model": "accounts.user", "pk": 7, "fields": {"password": "!Xyjqz2oYoa7nWXxPyCd3d7RxJoD2N6NKiHxq14Wz", "last_login": "2024-08-04T11:34:33.135", "is_superuser": false, "first_name": "", "last_name": "", "is_staff": false, "is_active": true, "date_joined": "2024-08-04T11:34:33.115", "email": "psh850000@naver.com", "name": "", "nickname": "", "profile_image": "", "groups": [], "user_permissions": []}}, {"model": "user.course", "pk": 30, "fields": {"title": " ", "description": " ", "subway_station": "", "placelist": ["ChIJT7x5oRmjfDURkPNvjcQWYuw", "ChIJc-OJGfeifDURvCdYIicKuWc", "ChIJoY1oZvCifDURDKzruLYtCuU"], "user": 3, "like_count": 1, "created_at": "2024-08-03T03:01:39.366", "is_share": true, "like": [5]}}, {"model": "user.course", "pk": 31, "fields": {"title": " ", "description": " ", "subway_station": "", "placelist": ["ChIJ1cKlPCegfDURfhhh826nj_I", "ChIJny760h6gfDURfzIL5GNzkJY", "ChIJcQpNtiagfDURkls5kjnsYHI"], "user": 2, "like_count": 0, "created_at": "2024-08-03T11:41:29.677", "is_share": true, "like": []}}, {"model": "user.course", "pk": 32, "fields": {"title": " ", "description": " ", "subway_station": "", "placelist": ["ChIJWUBDcYavfDURD34YrtkaN48", "ChIJ8UOyX2OlfDURLiXPyO-5vhs", "ChIJe0LP94evfDURC_2JP7urxio"], "user": 2, "like_count": 0, "created_at": "2024-08-03T11:44:56.716", "is_share": true, "like": []}}, {"model": "user.course", "pk": 33, "fields": {"title": " ", "description": " ", "subway_station": "", "placelist": ["ChIJRz71iRWffDURV_ecEhIlt14", "ChIJ4ZKsUOuZfDURxl3_3lmmOb8", "ChIJ2TfOgg-ffDURv9QoMV1rgUs"], "user": 2, "like_count": 0, "created_at": "2024-08-03T11:48:07.336", "is_share": true, "like": []}}, {"model": "user.course", "pk": 34, "fields": {"title": "   !   !", "description": "  !", "subway_station": "", "placelist": ["ChIJ0cIvOVLGfDUR2KSC-gQBInk", "ChIJ0Ys31iHHfDURYqh3Y3ExEq4", "ChIJD-l9IlTGfDURABiPr1FxkAo"], "user": 3, "like_count": 0, "created_at": "2024-08-03T12:55:47.278", "is_share": true, "like": []}}, {"model": "token_blacklist.outstandingtoken", "pk": 1, "fields": {"user": 2, "jti": "af989b3436694a06b73de928cf40005c", "token": "eyJhbGciOiJIUzI1NiIsInR5cCI6IkpXVCJ9.eyJ0b2tlbl90eXBlIjoicmVmcmVzaCIsImV4cCI6MTcyMjU5MDkzNiwiaWF0IjoxNzIxOTg2MTM2LCJqdGkiOiJhZjk4OWIzNDM2Njk0YTA2YjczZGU5MjhjZjQwMDA1YyIsInVzZXJfaWQiOjJ9.kRrNNQe4vVjlcLdgxWv8Veji096kER5KPKMFzW2mopo", "created_at": "2024-07-26T09:28:56.514", "expires_at": "2024-08-02T09:28:56"}}, {"model": "token_blacklist.outstandingtoken", "pk": 2, "fields": {"user": 3, "jti": "d7307d5b13a14edeafd699205c56d705", "token": "eyJhbGciOiJIUzI1NiIsInR5cCI6IkpXVCJ9.eyJ0b2tlbl90eXBlIjoicmVmcmVzaCIsImV4cCI6MTcyMjU5MTA2MCwiaWF0IjoxNzIxOTg2MjYwLCJqdGkiOiJkNzMwN2Q1YjEzYTE0ZWRlYWZkNjk5MjA1YzU2ZDcwNSIsInVzZXJfaWQiOjN9.sNF_tDHDX1QnvrQAMGQbQhR_f1klBaSeBqvgO0MWhBc", "created_at": "2024-07-26T09:31:00.715", "expires_at": "2024-08-02T09:31:00"}}, {"model": "token_blacklist.outstandingtoken", "pk": 3, "fields": {"user": 3, "jti": "856b364937464bc99039145f20da497d", "token": "eyJhbGciOiJIUzI1NiIsInR5cCI6IkpXVCJ9.eyJ0b2tlbl90eXBlIjoicmVmcmVzaCIsImV4cCI6MTcyMjU5NDIyMSwiaWF0IjoxNzIxOTg5NDIxLCJqdGkiOiI4NTZiMzY0OTM3NDY0YmM5OTAzOTE0NWYyMGRhNDk3ZCIsInVzZXJfaWQiOjN9.ZzA24dtXQfyvhMA_q3Dq5_guawOGhVax92vZnz1EEyE", "created_at": "2024-07-26T10:23:41.245", "expires_at": "2024-08-02T10:23:41"}}, {"model": "token_blacklist.outstandingtoken", "pk": 4, "fields": {"user": 3, "jti": "a8a045dd458a4069992ceb2c5ae66907", "token": "eyJhbGciOiJIUzI1NiIsInR5cCI6IkpXVCJ9.eyJ0b2tlbl90eXBlIjoicmVmcmVzaCIsImV4cCI6MTcyMjU5NTgyMSwiaWF0IjoxNzIxOTkxMDIxLCJqdGkiOiJhOGEwNDVkZDQ1OGE0MDY5OTkyY2ViMmM1YWU2NjkwNyIsInVzZXJfaWQiOjN9.yhF2qu5X3CRBGfRH1g6fFyuuNqquG63bBpc3LRn23HM", "created_at": "2024-07-26T10:50:21.493", "expires_at": "2024-08-02T10:50:21"}}, {"model": "token_blacklist.outstandingtoken", "pk": 5, "fields": {"user": 3, "jti": "0da928020087469d8f7f909fde14228e", "token": "eyJhbGciOiJIUzI1NiIsInR5cCI6IkpXVCJ9.eyJ0b2tlbl90eXBlIjoicmVmcmVzaCIsImV4cCI6MTcyMjU5NjE1MCwiaWF0IjoxNzIxOTkxMzUwLCJqdGkiOiIwZGE5MjgwMjAwODc0NjlkOGY3ZjkwOWZkZTE0MjI4ZSIsInVzZXJfaWQiOjN9.a8RjQbKolMb6cgNFMFgPIEPkBsEc5uRUs_fC2s5AgYE", "created_at": "2024-07-26T10:55:50.744", "expires_at": "2024-08-02T10:55:50"}}, {"model": "token_blacklist.outstandingtoken", "pk": 6, "fields": {"user": 3, "jti": "5b24c47dfdab4fc4a1a640ba4e97f370", "token": "eyJhbGciOiJIUzI1NiIsInR5cCI6IkpXVCJ9.eyJ0b2tlbl90eXBlIjoicmVmcmVzaCIsImV4cCI6MTcyMjU5NjIzNCwiaWF0IjoxNzIxOTkxNDM0LCJqdGkiOiI1YjI0YzQ3ZGZkYWI0ZmM0YTFhNjQwYmE0ZTk3ZjM3MCIsInVzZXJfaWQiOjN9.1xb7ssZeyxpLjuK9w-r07pmUE8tLzIgjxM0_aEUR6_Y", "created_at": "2024-07-26T10:57:14.494", "expires_at": "2024-08-02T10:57:14"}}, {"model": "token_blacklist.outstandingtoken", "pk": 7, "fields": {"user": 3, "jti": "6a5408b7df4b4045a871565c8c591b7e", "token": "eyJhbGciOiJIUzI1NiIsInR5cCI6IkpXVCJ9.eyJ0b2tlbl90eXBlIjoicmVmcmVzaCIsImV4cCI6MTcyMjU5NjY1MCwiaWF0IjoxNzIxOTkxODUwLCJqdGkiOiI2YTU0MDhiN2RmNGI0MDQ1YTg3MTU2NWM4YzU5MWI3ZSIsInVzZXJfaWQiOjN9.3Ra4fCPWYNwNhmsKcl7HJQqICZ-BdV0mrffdzkLV1RM", "created_at": "2024-07-26T11:04:10.850", "expires_at": "2024-08-02T11:04:10"}}, {"model": "token_blacklist.outstandingtoken", "pk": 8, "fields": {"user": 2, "jti": "12cbd620081c45b9ba89cf510299a47b", "token": "eyJhbGciOiJIUzI1NiIsInR5cCI6IkpXVCJ9.eyJ0b2tlbl90eXBlIjoicmVmcmVzaCIsImV4cCI6MTcyMjU5NjgxOCwiaWF0IjoxNzIxOTkyMDE4LCJqdGkiOiIxMmNiZDYyMDA4MWM0NWI5YmE4OWNmNTEwMjk5YTQ3YiIsInVzZXJfaWQiOjJ9.evwFnKB79sNfnz-3qbywn9BnxlSnwJXn6zzJSEoisc8", "created_at": "2024-07-26T11:06:58.973", "expires_at": "2024-08-02T11:06:58"}}, {"model": "token_blacklist.outstandingtoken", "pk": 9, "fields": {"user": 3, "jti": "6b3685897c264b86b70276a13ae205d9", "token": "eyJhbGciOiJIUzI1NiIsInR5cCI6IkpXVCJ9.eyJ0b2tlbl90eXBlIjoicmVmcmVzaCIsImV4cCI6MTcyMjU5NzE5OCwiaWF0IjoxNzIxOTkyMzk4LCJqdGkiOiI2YjM2ODU4OTdjMjY0Yjg2YjcwMjc2YTEzYWUyMDVkOSIsInVzZXJfaWQiOjN9.q2T2b-91zs8nrkkLkDtYS-dxDa8ejTAh2q91JFBZXtI", "created_at": "2024-07-26T11:13:18.189", "expires_at": "2024-08-02T11:13:18"}}, {"model": "token_blacklist.outstandingtoken", "pk": 10, "fields": {"user": 3, "jti": "db27b259459e43ce8e0c48b74aa597ee", "token": "eyJhbGciOiJIUzI1NiIsInR5cCI6IkpXVCJ9.eyJ0b2tlbl90eXBlIjoicmVmcmVzaCIsImV4cCI6MTcyMjU5NzUyNiwiaWF0IjoxNzIxOTkyNzI2LCJqdGkiOiJkYjI3YjI1OTQ1OWU0M2NlOGUwYzQ4Yjc0YWE1OTdlZSIsInVzZXJfaWQiOjN9.nG_UBZG8zqzsdTWWFd9gYbgPgj7fau4bC-iajPZC4eQ", "created_at": "2024-07-26T11:18:46.546", "expires_at": "2024-08-02T11:18:46"}}, {"model": "token_blacklist.outstandingtoken", "pk": 11, "fields": {"user": 3, "jti": "22d925be2b114ecfa289fc9607476f4b", "token": "eyJhbGciOiJIUzI1NiIsInR5cCI6IkpXVCJ9.eyJ0b2tlbl90eXBlIjoicmVmcmVzaCIsImV4cCI6MTcyMjU5NzY5NiwiaWF0IjoxNzIxOTkyODk2LCJqdGkiOiIyMmQ5MjViZTJiMTE0ZWNmYTI4OWZjOTYwNzQ3NmY0YiIsInVzZXJfaWQiOjN9.tcFQkWdGL0FvkJnl80kQlLYg_kGBGp_9WnwkEn9U_RY", "created_at": "2024-07-26T11:21:36.135", "expires_at": "2024-08-02T11:21:36"}}, {"model": "token_blacklist.outstandingtoken", "pk": 12, "fields": {"user": 3, "jti": "9e5682951a8a4102b5dda4f76d7fff6f", "token": "eyJhbGciOiJIUzI1NiIsInR5cCI6IkpXVCJ9.eyJ0b2tlbl90eXBlIjoicmVmcmVzaCIsImV4cCI6MTcyMjU5NzgwOSwiaWF0IjoxNzIxOTkzMDA5LCJqdGkiOiI5ZTU2ODI5NTFhOGE0MTAyYjVkZGE0Zjc2ZDdmZmY2ZiIsInVzZXJfaWQiOjN9.hqSSWiSvT394ZGIAZSsgqTIEKXQbNKaAj0zZjBp0xsk", "created_at": "2024-07-26T11:23:29.768", "expires_at": "2024-08-02T11:23:29"}}, {"model": "token_blacklist.outstandingtoken", "pk": 13, "fields": {"user": 3, "jti": "39ab41276de04684a1c214baa98c34be", "token": "eyJhbGciOiJIUzI1NiIsInR5cCI6IkpXVCJ9.eyJ0b2tlbl90eXBlIjoicmVmcmVzaCIsImV4cCI6MTcyMjU5ODA3MCwiaWF0IjoxNzIxOTkzMjcwLCJqdGkiOiIzOWFiNDEyNzZkZTA0Njg0YTFjMjE0YmFhOThjMzRiZSIsInVzZXJfaWQiOjN9.YPOPDo2SzEyM5KqP2LdQYdaymmlJpHbjRulIMynf9us", "created_at": "2024-07-26T11:27:50.956", "expires_at": "2024-08-02T11:27:50"}}, {"model": "token_blacklist.outstandingtoken", "pk": 14, "fields": {"user": 2, "jti": "4dc4d251b240485b9a95b4670fc79291", "token": "eyJhbGciOiJIUzI1NiIsInR5cCI6IkpXVCJ9.eyJ0b2tlbl90eXBlIjoicmVmcmVzaCIsImV4cCI6MTcyMjU5OTEzMSwiaWF0IjoxNzIxOTk0MzMxLCJqdGkiOiI0ZGM0ZDI1MWIyNDA0ODViOWE5NWI0NjcwZmM3OTI5MSIsInVzZXJfaWQiOjJ9.ebhYKQGOaxpYimQvJIZmTrmNCspupoVdpm-mYNHZZbA", "created_at": "2024-07-26T11:45:31.883", "expires_at": "2024-08-02T11:45:31"}}, {"model": "token_blacklist.outstandingtoken", "pk": 15, "fields": {"user": 3, "jti": "a73a2f930f1a434b85473792667c673d", "token": "eyJhbGciOiJIUzI1NiIsInR5cCI6IkpXVCJ9.eyJ0b2tlbl90eXBlIjoicmVmcmVzaCIsImV4cCI6MTcyMjU5OTE2OCwiaWF0IjoxNzIxOTk0MzY4LCJqdGkiOiJhNzNhMmY5MzBmMWE0MzRiODU0NzM3OTI2NjdjNjczZCIsInVzZXJfaWQiOjN9.bDlB_DjFmtoFLNcnEOl7ZbGTV8du6SFarTM_H-QiNvE", "created_at": "2024-07-26T11:46:08.387", "expires_at": "2024-08-02T11:46:08"}}, {"model": "token_blacklist.outstandingtoken", "pk": 16, "fields": {"user": 2, "jti": "70b3616b8744486883f387a187af6109", "token": "eyJhbGciOiJIUzI1NiIsInR5cCI6IkpXVCJ9.eyJ0b2tlbl90eXBlIjoicmVmcmVzaCIsImV4cCI6MTcyMjU5OTk5NywiaWF0IjoxNzIxOTk1MTk3LCJqdGkiOiI3MGIzNjE2Yjg3NDQ0ODY4ODNmMzg3YTE4N2FmNjEwOSIsInVzZXJfaWQiOjJ9.5BoQnOqMjAJ80vvtr2hE9QE4XjKLcUdE4-2kufiyUcY", "created_at": "2024-07-26T11:59:57.042", "expires_at": "2024-08-02T11:59:57"}}, {"model": "token_blacklist.outstandingtoken", "pk": 17, "fields": {"user": 2, "jti": "15521bfadc044c1685c230172bdb04ff", "token": "eyJhbGciOiJIUzI1NiIsInR5cCI6IkpXVCJ9.eyJ0b2tlbl90eXBlIjoicmVmcmVzaCIsImV4cCI6MTcyMjYwNTg3OSwiaWF0IjoxNzIyMDAxMDc5LCJqdGkiOiIxNTUyMWJmYWRjMDQ0YzE2ODVjMjMwMTcyYmRiMDRmZiIsInVzZXJfaWQiOjJ9.Me9OVa59ch4bP0v8NG8E3iHYihrNa9VDmLYzchMclHU", "created_at": "2024-07-26T13:37:59.987", "expires_at": "2024-08-02T13:37:59"}}, {"model": "token_blacklist.outstandingtoken", "pk": 18, "fields": {"user": 2, "jti": "5c4e1472cb70477d872405ce58a1673e", "token": "eyJhbGciOiJIUzI1NiIsInR5cCI6IkpXVCJ9.eyJ0b2tlbl90eXBlIjoicmVmcmVzaCIsImV4cCI6MTcyMjYwNjI4OSwiaWF0IjoxNzIyMDAxNDg5LCJqdGkiOiI1YzRlMTQ3MmNiNzA0NzdkODcyNDA1Y2U1OGExNjczZSIsInVzZXJfaWQiOjJ9.vxDx1pLQ-feW4nYjLRHrLD7pnbf9aeT9dIGoUEzDHik", "created_at": "2024-07-26T13:44:49.417", "expires_at": "2024-08-02T13:44:49"}}, {"model": "token_blacklist.outstandingtoken", "pk": 19, "fields": {"user": 2, "jti": "6b12bee4af474a90a080294891c6f0c4", "token": "eyJhbGciOiJIUzI1NiIsInR5cCI6IkpXVCJ9.eyJ0b2tlbl90eXBlIjoicmVmcmVzaCIsImV4cCI6MTcyMjYwNjI5OCwiaWF0IjoxNzIyMDAxNDk4LCJqdGkiOiI2YjEyYmVlNGFmNDc0YTkwYTA4MDI5NDg5MWM2ZjBjNCIsInVzZXJfaWQiOjJ9.QnLs7sElqtw2w-EhuqEljZNFTf7S4ak3Q7FuCqFgUUE", "created_at": "2024-07-26T13:44:58.103", "expires_at": "2024-08-02T13:44:58"}}, {"model": "token_blacklist.outstandingtoken", "pk": 20, "fields": {"user": 2, "jti": "8269b83ffd1147729d74dfc4260448b1", "token": "eyJhbGciOiJIUzI1NiIsInR5cCI6IkpXVCJ9.eyJ0b2tlbl90eXBlIjoicmVmcmVzaCIsImV4cCI6MTcyMjYwNjM5MiwiaWF0IjoxNzIyMDAxNTkyLCJqdGkiOiI4MjY5YjgzZmZkMTE0NzcyOWQ3NGRmYzQyNjA0NDhiMSIsInVzZXJfaWQiOjJ9.5b6rAcBc930Zv5nYRW1ZmD0X7GF-qYAzuIIl_2G1i-Y", "created_at": "2024-07-26T13:46:32.515", "expires_at": "2024-08-02T13:46:32"}}, {"model": "token_blacklist.outstandingtoken", "pk": 21, "fields": {"user": 2, "jti": "e0b683014be443ef90307bc109d8f78b", "token": "eyJhbGciOiJIUzI1NiIsInR5cCI6IkpXVCJ9.eyJ0b2tlbl90eXBlIjoicmVmcmVzaCIsImV4cCI6MTcyMjYwNjQ4MywiaWF0IjoxNzIyMDAxNjgzLCJqdGkiOiJlMGI2ODMwMTRiZTQ0M2VmOTAzMDdiYzEwOWQ4Zjc4YiIsInVzZXJfaWQiOjJ9.RM6XYSyn0U1l-T4bH1SDI5nuze0PgVEjH6ONYN-6RMI", "created_at": "2024-07-26T13:48:03.775", "expires_at": "2024-08-02T13:48:03"}}, {"model": "token_blacklist.outstandingtoken", "pk": 22, "fields": {"user": 2, "jti": "867354340ea54315906abadedebd0ae3", "token": "eyJhbGciOiJIUzI1NiIsInR5cCI6IkpXVCJ9.eyJ0b2tlbl90eXBlIjoicmVmcmVzaCIsImV4cCI6MTcyMjYwNzY1OSwiaWF0IjoxNzIyMDAyODU5LCJqdGkiOiI4NjczNTQzNDBlYTU0MzE1OTA2YWJhZGVkZWJkMGFlMyIsInVzZXJfaWQiOjJ9._ig0gJZ0JfKUdcWEyqtuvosFFKmLUcnIg1-GAIbEB6s", "created_at": "2024-07-26T14:07:39.040", "expires_at": "2024-08-02T14:07:39"}}, {"model": "token_blacklist.outstandingtoken", "pk": 23, "fields": {"user": 2, "jti": "d498c77db0444a26afc37185f9767672", "token": "eyJhbGciOiJIUzI1NiIsInR5cCI6IkpXVCJ9.eyJ0b2tlbl90eXBlIjoicmVmcmVzaCIsImV4cCI6MTcyMjYxNDAyNCwiaWF0IjoxNzIyMDA5MjI0LCJqdGkiOiJkNDk4Yzc3ZGIwNDQ0YTI2YWZjMzcxODVmOTc2NzY3MiIsInVzZXJfaWQiOjJ9.HeDwKSR2Rflk4_Q4cWAqGarmme1Haoos7MSq6PCvGRk", "created_at": "2024-07-26T15:53:44.575", "expires_at": "2024-08-02T15:53:44"}}, {"model": "token_blacklist.outstandingtoken", "pk": 24, "fields": {"user": 2, "jti": "c06fd28baf8b41bf9c89cbfc055ef95b", "token": "eyJhbGciOiJIUzI1NiIsInR5cCI6IkpXVCJ9.eyJ0b2tlbl90eXBlIjoicmVmcmVzaCIsImV4cCI6MTcyMjYxNDAzOSwiaWF0IjoxNzIyMDA5MjM5LCJqdGkiOiJjMDZmZDI4YmFmOGI0MWJmOWM4OWNiZmMwNTVlZjk1YiIsInVzZXJfaWQiOjJ9.Qzk2H34wNOTxWsSTzLp5B8w_F9uUXZt4YCwA_F2I-n0", "created_at": "2024-07-26T15:53:59.851", "expires_at": "2024-08-02T15:53:59"}}, {"model": "token_blacklist.outstandingtoken", "pk": 25, "fields": {"user": 2, "jti": "a302cdb2c53c4ca6b56f1dbd87589fb1", "token": "eyJhbGciOiJIUzI1NiIsInR5cCI6IkpXVCJ9.eyJ0b2tlbl90eXBlIjoicmVmcmVzaCIsImV4cCI6MTcyMjYxNDExNywiaWF0IjoxNzIyMDA5MzE3LCJqdGkiOiJhMzAyY2RiMmM1M2M0Y2E2YjU2ZjFkYmQ4NzU4OWZiMSIsInVzZXJfaWQiOjJ9.ZuYcu5uiJFo_KVGTPfHZ4RkMrbyqXX3WNS1V5-x9k-k", "created_at": "2024-07-26T15:55:17.813", "expires_at": "2024-08-02T15:55:17"}}, {"model": "token_blacklist.outstandingtoken", "pk": 26, "fields": {"user": 2, "jti": "04214049818743de9a77c3c1a13a1d87", "token": "eyJhbGciOiJIUzI1NiIsInR5cCI6IkpXVCJ9.eyJ0b2tlbl90eXBlIjoicmVmcmVzaCIsImV4cCI6MTcyMjYxNTQxNywiaWF0IjoxNzIyMDEwNjE3LCJqdGkiOiIwNDIxNDA0OTgxODc0M2RlOWE3N2MzYzFhMTNhMWQ4NyIsInVzZXJfaWQiOjJ9.kMyG3SeKc5VGrmnqs_TWLpvxS2WWzryEzdFYoORsrLg", "created_at": "2024-07-26T16:16:57.376", "expires_at": "2024-08-02T16:16:57"}}, {"model": "token_blacklist.outstandingtoken", "pk": 27, "fields": {"user": 2, "jti": "5a26e30916d0414fa61b78db0b70b381", "token": "eyJhbGciOiJIUzI1NiIsInR5cCI6IkpXVCJ9.eyJ0b2tlbl90eXBlIjoicmVmcmVzaCIsImV4cCI6MTcyMjYxNTQyOSwiaWF0IjoxNzIyMDEwNjI5LCJqdGkiOiI1YTI2ZTMwOTE2ZDA0MTRmYTYxYjc4ZGIwYjcwYjM4MSIsInVzZXJfaWQiOjJ9.jslnmGpTqf7MVAsm4Mi5RBixqCxnmLzWxuku78IvwMI", "created_at": "2024-07-26T16:17:09.306", "expires_at": "2024-08-02T16:17:09"}}, {"model": "token_blacklist.outstandingtoken", "pk": 28, "fields": {"user": 2, "jti": "e31f89e4d3f349ad8adad1a587c1c922", "token": "eyJhbGciOiJIUzI1NiIsInR5cCI6IkpXVCJ9.eyJ0b2tlbl90eXBlIjoicmVmcmVzaCIsImV4cCI6MTcyMjYxNTQzMSwiaWF0IjoxNzIyMDEwNjMxLCJqdGkiOiJlMzFmODllNGQzZjM0OWFkOGFkYWQxYTU4N2MxYzkyMiIsInVzZXJfaWQiOjJ9.ef9bcj08sBWGc71s5ZWAEBW4L3HWoiwo00VCCf6h3wo", "created_at": "2024-07-26T16:17:11.903", "expires_at": "2024-08-02T16:17:11"}}, {"model": "token_blacklist.outstandingtoken", "pk": 29, "fields": {"user": 2, "jti": "d714778d23ac4d4fa5fcc865f3182d95", "token": "eyJhbGciOiJIUzI1NiIsInR5cCI6IkpXVCJ9.eyJ0b2tlbl90eXBlIjoicmVmcmVzaCIsImV4cCI6MTcyMjY1MjAwMywiaWF0IjoxNzIyMDQ3MjAzLCJqdGkiOiJkNzE0Nzc4ZDIzYWM0ZDRmYTVmY2M4NjVmMzE4MmQ5NSIsInVzZXJfaWQiOjJ9.aIwRC3UQLAMm-u3QDDAdskfvaocxKg2rBmvBIgEK-BE", "created_at": "2024-07-27T02:26:43.255", "expires_at": "2024-08-03T02:26:43"}}, {"model": "token_blacklist.outstandingtoken", "pk": 30, "fields": {"user": 2, "jti": "91915206a6914f18af4d26f2839af76f", "token": "eyJhbGciOiJIUzI1NiIsInR5cCI6IkpXVCJ9.eyJ0b2tlbl90eXBlIjoicmVmcmVzaCIsImV4cCI6MTcyMjY1MjAyMCwiaWF0IjoxNzIyMDQ3MjIwLCJqdGkiOiI5MTkxNTIwNmE2OTE0ZjE4YWY0ZDI2ZjI4MzlhZjc2ZiIsInVzZXJfaWQiOjJ9.bx9etCccfGO_DacEtvdRsEdzmLc0lWl6K7S2mwvE_gI", "created_at": "2024-07-27T02:27:00.727", "expires_at": "2024-08-03T02:27:00"}}, {"model": "token_blacklist.outstandingtoken", "pk": 31, "fields": {"user": 2, "jti": "8c9eef5765a54f29b590a9e348ecbc6d", "token": "eyJhbGciOiJIUzI1NiIsInR5cCI6IkpXVCJ9.eyJ0b2tlbl90eXBlIjoicmVmcmVzaCIsImV4cCI6MTcyMjY1NzkwOSwiaWF0IjoxNzIyMDUzMTA5LCJqdGkiOiI4YzllZWY1NzY1YTU0ZjI5YjU5MGE5ZTM0OGVjYmM2ZCIsInVzZXJfaWQiOjJ9.Q2_wTwESBXTgHQ_GKk2bQ5tBGzYw-IRXLuzgm-Ft64A", "created_at": "2024-07-27T04:05:09.085", "expires_at": "2024-08-03T04:05:09"}}, {"model": "token_blacklist.outstandingtoken", "pk": 32, "fields": {"user": 2, "jti": "d907de1b5e3a4c51a7bab887f85c6c9a", "token": "eyJhbGciOiJIUzI1NiIsInR5cCI6IkpXVCJ9.eyJ0b2tlbl90eXBlIjoicmVmcmVzaCIsImV4cCI6MTcyMjY2MDg3NywiaWF0IjoxNzIyMDU2MDc3LCJqdGkiOiJkOTA3ZGUxYjVlM2E0YzUxYTdiYWI4ODdmODVjNmM5YSIsInVzZXJfaWQiOjJ9.Q8todMvDg-SPp_jeVSsWg3g1tf1pNM7IifpUwbCbAws", "created_at": "2024-07-27T04:54:37.694", "expires_at": "2024-08-03T04:54:37"}}, {"model": "token_blacklist.outstandingtoken", "pk": 33, "fields": {"user": 2, "jti": "8f6c9dc769a9444f816cc8d0623a5546", "token": "eyJhbGciOiJIUzI1NiIsInR5cCI6IkpXVCJ9.eyJ0b2tlbl90eXBlIjoicmVmcmVzaCIsImV4cCI6MTcyMjc1OTIwMywiaWF0IjoxNzIyMTU0NDAzLCJqdGkiOiI4ZjZjOWRjNzY5YTk0NDRmODE2Y2M4ZDA2MjNhNTU0NiIsInVzZXJfaWQiOjJ9.S7vwRUucEdLoVyOYslrO-7okij_VODptZNxAyg2XBo0", "created_at": "2024-07-28T08:13:23.201", "expires_at": "2024-08-04T08:13:23"}}, {"model": "token_blacklist.outstandingtoken", "pk": 34, "fields": {"user": 2, "jti": "0b5c6eb013c94a18b540fccb46cae609", "token": "eyJhbGciOiJIUzI1NiIsInR5cCI6IkpXVCJ9.eyJ0b2tlbl90eXBlIjoicmVmcmVzaCIsImV4cCI6MTcyMjc1OTMyNiwiaWF0IjoxNzIyMTU0NTI2LCJqdGkiOiIwYjVjNmViMDEzYzk0YTE4YjU0MGZjY2I0NmNhZTYwOSIsInVzZXJfaWQiOjJ9.LlAZAMGr0pOpzwOeg0VVi8cFKBebX9yG4JibEOKuVeM", "created_at": "2024-07-28T08:15:26.566", "expires_at": "2024-08-04T08:15:26"}}, {"model": "token_blacklist.outstandingtoken", "pk": 35, "fields": {"user": 2, "jti": "b5a3e55b779c4846ba126c43afab0038", "token": "eyJhbGciOiJIUzI1NiIsInR5cCI6IkpXVCJ9.eyJ0b2tlbl90eXBlIjoicmVmcmVzaCIsImV4cCI6MTcyMjgyNjE3NSwiaWF0IjoxNzIyMjIxMzc1LCJqdGkiOiJiNWEzZTU1Yjc3OWM0ODQ2YmExMjZjNDNhZmFiMDAzOCIsInVzZXJfaWQiOjJ9.KT9iABf9KQNw5RiIx3ktY2kXBvcs0C3WtJT_SinjKJs", "created_at": "2024-07-29T02:49:35.891", "expires_at": "2024-08-05T02:49:35"}}, {"model": "token_blacklist.outstandingtoken", "pk": 36, "fields": {"user": 4, "jti": "bf92c1ac18664e77816233145e0dc9a7", "token": "eyJhbGciOiJIUzI1NiIsInR5cCI6IkpXVCJ9.eyJ0b2tlbl90eXBlIjoicmVmcmVzaCIsImV4cCI6MTcyMjgyNjU2OCwiaWF0IjoxNzIyMjIxNzY4LCJqdGkiOiJiZjkyYzFhYzE4NjY0ZTc3ODE2MjMzMTQ1ZTBkYzlhNyIsInVzZXJfaWQiOjR9.HbTbd1il3Ej29DFLszvZW5S0I7JEPDfBgR58npPC_5M", "created_at": "2024-07-29T02:56:08.588", "expires_at": "2024-08-05T02:56:08"}}, {"model": "token_blacklist.outstandingtoken", "pk": 37, "fields": {"user": 3, "jti": "0973de50c79849f083a958827df2acff", "token": "eyJhbGciOiJIUzI1NiIsInR5cCI6IkpXVCJ9.eyJ0b2tlbl90eXBlIjoicmVmcmVzaCIsImV4cCI6MTcyMjgyNzU4MCwiaWF0IjoxNzIyMjIyNzgwLCJqdGkiOiIwOTczZGU1MGM3OTg0OWYwODNhOTU4ODI3ZGYyYWNmZiIsInVzZXJfaWQiOjN9.UuLQgUL_XL2VvpRSRZ-DbeqKnNiAkNlll5k0NoGIAU0", "created_at": "2024-07-29T03:13:00.543", "expires_at": "2024-08-05T03:13:00"}}, {"model": "token_blacklist.outstandingtoken", "pk": 38, "fields": {"user": 3, "jti": "9e74902e904a4ec6b67cf9b5f3e4ad20", "token": "eyJhbGciOiJIUzI1NiIsInR5cCI6IkpXVCJ9.eyJ0b2tlbl90eXBlIjoicmVmcmVzaCIsImV4cCI6MTcyMjgyNzc0MCwiaWF0IjoxNzIyMjIyOTQwLCJqdGkiOiI5ZTc0OTAyZTkwNGE0ZWM2YjY3Y2Y5YjVmM2U0YWQyMCIsInVzZXJfaWQiOjN9.jK2pgsPBR2ZvfZhpp2DpbvlAbraD7kalFw0XnqtdvKQ", "created_at": "2024-07-29T03:15:40.446", "expires_at": "2024-08-05T03:15:40"}}, {"model": "token_blacklist.outstandingtoken", "pk": 39, "fields": {"user": 4, "jti": "695cd8bc0cf64163826ba5b6292b0c68", "token": "eyJhbGciOiJIUzI1NiIsInR5cCI6IkpXVCJ9.eyJ0b2tlbl90eXBlIjoicmVmcmVzaCIsImV4cCI6MTcyMjgyNzk2OSwiaWF0IjoxNzIyMjIzMTY5LCJqdGkiOiI2OTVjZDhiYzBjZjY0MTYzODI2YmE1YjYyOTJiMGM2OCIsInVzZXJfaWQiOjR9.7MRCGU1bA_S3M74TtTBo6o9ggPS8XbWTguyTo1D7kuk", "created_at": "2024-07-29T03:19:29.489", "expires_at": "2024-08-05T03:19:29"}}, {"model": "token_blacklist.outstandingtoken", "pk": 40, "fields": {"user": 4, "jti": "d8d0d03dc3424786a6af88c931b7b3cb", "token": "eyJhbGciOiJIUzI1NiIsInR5cCI6IkpXVCJ9.eyJ0b2tlbl90eXBlIjoicmVmcmVzaCIsImV4cCI6MTcyMjgyNzk4NSwiaWF0IjoxNzIyMjIzMTg1LCJqdGkiOiJkOGQwZDAzZGMzNDI0Nzg2YTZhZjg4YzkzMWI3YjNjYiIsInVzZXJfaWQiOjR9.fF_uludBT1PnOd_Nac86ZoT35aOGw0nFd9XS_53sL8c", "created_at": "2024-07-29T03:19:45.856", "expires_at": "2024-08-05T03:19:45"}}, {"model": "token_blacklist.outstandingtoken", "pk": 41, "fields": {"user": 3, "jti": "d1fd5d1841c9417ca62a301d416517c5", "token": "eyJhbGciOiJIUzI1NiIsInR5cCI6IkpXVCJ9.eyJ0b2tlbl90eXBlIjoicmVmcmVzaCIsImV4cCI6MTcyMjgyODUwMSwiaWF0IjoxNzIyMjIzNzAxLCJqdGkiOiJkMWZkNWQxODQxYzk0MTdjYTYyYTMwMWQ0MTY1MTdjNSIsInVzZXJfaWQiOjN9.ReBWN7aqzT_DT9EVJ2GaR0q9ZK1FFqY703d08WD5a5U", "created_at": "2024-07-29T03:28:21.124", "expires_at": "2024-08-05T03:28:21"}}, {"model": "token_blacklist.outstandingtoken", "pk": 42, "fields": {"user": 3, "jti": "257d9a2405ea4acbabff95e235fee641", "token": "eyJhbGciOiJIUzI1NiIsInR5cCI6IkpXVCJ9.eyJ0b2tlbl90eXBlIjoicmVmcmVzaCIsImV4cCI6MTcyMjgyODYwNSwiaWF0IjoxNzIyMjIzODA1LCJqdGkiOiIyNTdkOWEyNDA1ZWE0YWNiYWJmZjk1ZTIzNWZlZTY0MSIsInVzZXJfaWQiOjN9.bk4HachKI5Y_uW7zsWyP4KVY222WFI0OgYVm81sOLD8", "created_at": "2024-07-29T03:30:05.691", "expires_at": "2024-08-05T03:30:05"}}, {"model": "token_blacklist.outstandingtoken", "pk": 43, "fields": {"user": 3, "jti": "1f020a88c74f4cdd85cc0c84747f9f82", "token": "eyJhbGciOiJIUzI1NiIsInR5cCI6IkpXVCJ9.eyJ0b2tlbl90eXBlIjoicmVmcmVzaCIsImV4cCI6MTcyMjgyODYxNCwiaWF0IjoxNzIyMjIzODE0LCJqdGkiOiIxZjAyMGE4OGM3NGY0Y2RkODVjYzBjODQ3NDdmOWY4MiIsInVzZXJfaWQiOjN9.065HOK9K2CJdg5iO6K8uRxBgaxcwMLZxxB92fHSKdWE", "created_at": "2024-07-29T03:30:14.054", "expires_at": "2024-08-05T03:30:14"}}, {"model": "token_blacklist.outstandingtoken", "pk": 44, "fields": {"user": 3, "jti": "1cd5ee7908c94d6197b07f10b51802e9", "token": "eyJhbGciOiJIUzI1NiIsInR5cCI6IkpXVCJ9.eyJ0b2tlbl90eXBlIjoicmVmcmVzaCIsImV4cCI6MTcyMjgyODYyMSwiaWF0IjoxNzIyMjIzODIxLCJqdGkiOiIxY2Q1ZWU3OTA4Yzk0ZDYxOTdiMDdmMTBiNTE4MDJlOSIsInVzZXJfaWQiOjN9.NZwvRmJ1FKLIba4ih3P50TdRJUjlbRm4g9N2nm7Wr0g", "created_at": "2024-07-29T03:30:21.744", "expires_at": "2024-08-05T03:30:21"}}, {"model": "token_blacklist.outstandingtoken", "pk": 45, "fields": {"user": 4, "jti": "af2fe87dd7ba49a79d87d22196c9a107", "token": "eyJhbGciOiJIUzI1NiIsInR5cCI6IkpXVCJ9.eyJ0b2tlbl90eXBlIjoicmVmcmVzaCIsImV4cCI6MTcyMjgyODg0NSwiaWF0IjoxNzIyMjI0MDQ1LCJqdGkiOiJhZjJmZTg3ZGQ3YmE0OWE3OWQ4N2QyMjE5NmM5YTEwNyIsInVzZXJfaWQiOjR9.ugEcCefH5ilk3su4tvF9QNZVRu8_V5S7y4Gv1GuhVOM", "created_at": "2024-07-29T03:34:05.161", "expires_at": "2024-08-05T03:34:05"}}, {"model": "token_blacklist.outstandingtoken", "pk": 46, "fields": {"user": 4, "jti": "522353a0bb834755afcdda0943e608dc", "token": "eyJhbGciOiJIUzI1NiIsInR5cCI6IkpXVCJ9.eyJ0b2tlbl90eXBlIjoicmVmcmVzaCIsImV4cCI6MTcyMjgyODg4NCwiaWF0IjoxNzIyMjI0MDg0LCJqdGkiOiI1MjIzNTNhMGJiODM0NzU1YWZjZGRhMDk0M2U2MDhkYyIsInVzZXJfaWQiOjR9.UyxGHtziFuVgS9zUDbx7-2k95BY9HQV8HfZHzp1XBHY", "created_at": "2024-07-29T03:34:44.735", "expires_at": "2024-08-05T03:34:44"}}, {"model": "token_blacklist.outstandingtoken", "pk": 47, "fields": {"user": 4, "jti": "a93dfebfde454fe4ace82eb82236621f", "token": "eyJhbGciOiJIUzI1NiIsInR5cCI6IkpXVCJ9.eyJ0b2tlbl90eXBlIjoicmVmcmVzaCIsImV4cCI6MTcyMjgyODk3OCwiaWF0IjoxNzIyMjI0MTc4LCJqdGkiOiJhOTNkZmViZmRlNDU0ZmU0YWNlODJlYjgyMjM2NjIxZiIsInVzZXJfaWQiOjR9.FSocnSMviXj9bTpeToFnSf3nm6Z8R-r92cP-xaEMS54", "created_at": "2024-07-29T03:36:18.308", "expires_at": "2024-08-05T03:36:18"}}, {"model": "token_blacklist.outstandingtoken", "pk": 48, "fields": {"user": 4, "jti": "38d9d899b14b4e0d8a37a381ec93eb37", "token": "eyJhbGciOiJIUzI1NiIsInR5cCI6IkpXVCJ9.eyJ0b2tlbl90eXBlIjoicmVmcmVzaCIsImV4cCI6MTcyMjgyODk4MywiaWF0IjoxNzIyMjI0MTgzLCJqdGkiOiIzOGQ5ZDg5OWIxNGI0ZTBkOGEzN2EzODFlYzkzZWIzNyIsInVzZXJfaWQiOjR9.t771RO2XlhY-Hkeq-FwPGuHGExAwnp1HHJUFmLctlgQ", "created_at": "2024-07-29T03:36:23.135", "expires_at": "2024-08-05T03:36:23"}}, {"model": "token_blacklist.outstandingtoken", "pk": 49, "fields": {"user": 3, "jti": "b16ee64c000546e2b4c3755532df3e0f", "token": "eyJhbGciOiJIUzI1NiIsInR5cCI6IkpXVCJ9.eyJ0b2tlbl90eXBlIjoicmVmcmVzaCIsImV4cCI6MTcyMjgyOTA3NiwiaWF0IjoxNzIyMjI0Mjc2LCJqdGkiOiJiMTZlZTY0YzAwMDU0NmUyYjRjMzc1NTUzMmRmM2UwZiIsInVzZXJfaWQiOjN9.aSQo9V3n6QmLjZdFz5Bd15j0_iiL5Ssqb6cSGEZ77mA", "created_at": "2024-07-29T03:37:56.418", "expires_at": "2024-08-05T03:37:56"}}, {"model": "token_blacklist.outstandingtoken", "pk": 50, "fields": {"user": 4, "jti": "12296fdce7b4456a8a56f941b2da61d4", "token": "eyJhbGciOiJIUzI1NiIsInR5cCI6IkpXVCJ9.eyJ0b2tlbl90eXBlIjoicmVmcmVzaCIsImV4cCI6MTcyMjgyOTI2NSwiaWF0IjoxNzIyMjI0NDY1LCJqdGkiOiIxMjI5NmZkY2U3YjQ0NTZhOGE1NmY5NDFiMmRhNjFkNCIsInVzZXJfaWQiOjR9.t9Je9IpSavw5L0B_abRU1swr1dfUCTxwnjXZTNHcgX8", "created_at": "2024-07-29T03:41:05.991", "expires_at": "2024-08-05T03:41:05"}}, {"model": "token_blacklist.outstandingtoken", "pk": 51, "fields": {"user": 3, "jti": "3bc9662933484432aa921c4fec73681e", "token": "eyJhbGciOiJIUzI1NiIsInR5cCI6IkpXVCJ9.eyJ0b2tlbl90eXBlIjoicmVmcmVzaCIsImV4cCI6MTcyMjgyOTM0NiwiaWF0IjoxNzIyMjI0NTQ2LCJqdGkiOiIzYmM5NjYyOTMzNDg0NDMyYWE5MjFjNGZlYzczNjgxZSIsInVzZXJfaWQiOjN9.cr8Xj3GGC16ZN-ggYEcCh0EQQ3hI9pJuQ93oTX87yZA", "created_at": "2024-07-29T03:42:26.062", "expires_at": "2024-08-05T03:42:26"}}, {"model": "token_blacklist.outstandingtoken", "pk": 52, "fields": {"user": 3, "jti": "5fb0c708434246ed8a1890910441f80c", "token": "eyJhbGciOiJIUzI1NiIsInR5cCI6IkpXVCJ9.eyJ0b2tlbl90eXBlIjoicmVmcmVzaCIsImV4cCI6MTcyMjgyOTUxMiwiaWF0IjoxNzIyMjI0NzEyLCJqdGkiOiI1ZmIwYzcwODQzNDI0NmVkOGExODkwOTEwNDQxZjgwYyIsInVzZXJfaWQiOjN9.gNFJXGuMKJKAg1SLsa3pKLcaWt2pJn7BaMSJatAW2NI", "created_at": "2024-07-29T03:45:12.974", "expires_at": "2024-08-05T03:45:12"}}, {"model": "token_blacklist.outstandingtoken", "pk": 53, "fields": {"user": 4, "jti": "e11246f07df94ea4ad552316564ed384", "token": "eyJhbGciOiJIUzI1NiIsInR5cCI6IkpXVCJ9.eyJ0b2tlbl90eXBlIjoicmVmcmVzaCIsImV4cCI6MTcyMjgyOTY4NiwiaWF0IjoxNzIyMjI0ODg2LCJqdGkiOiJlMTEyNDZmMDdkZjk0ZWE0YWQ1NTIzMTY1NjRlZDM4NCIsInVzZXJfaWQiOjR9._31WmwrUYqdpR9zR9Quft0Z3wgir1flrK69VVzlA6Kw", "created_at": "2024-07-29T03:48:06.113", "expires_at": "2024-08-05T03:48:06"}}, {"model": "token_blacklist.outstandingtoken", "pk": 54, "fields": {"user": 3, "jti": "b65a4c8372624c5a838236fc4209ad6a", "token": "eyJhbGciOiJIUzI1NiIsInR5cCI6IkpXVCJ9.eyJ0b2tlbl90eXBlIjoicmVmcmVzaCIsImV4cCI6MTcyMjgzMDAxMiwiaWF0IjoxNzIyMjI1MjEyLCJqdGkiOiJiNjVhNGM4MzcyNjI0YzVhODM4MjM2ZmM0MjA5YWQ2YSIsInVzZXJfaWQiOjN9.FtKWlv5eTWgyly_ZVQDZDMWwtPtVlUKYc_nsG-FpzNw", "created_at": "2024-07-29T03:53:32.776", "expires_at": "2024-08-05T03:53:32"}}, {"model": "token_blacklist.outstandingtoken", "pk": 55, "fields": {"user": 2, "jti": "aff5b9f1bd5a49f791a1235d975d42f6", "token": "eyJhbGciOiJIUzI1NiIsInR5cCI6IkpXVCJ9.eyJ0b2tlbl90eXBlIjoicmVmcmVzaCIsImV4cCI6MTcyMjg0MDI4MSwiaWF0IjoxNzIyMjM1NDgxLCJqdGkiOiJhZmY1YjlmMWJkNWE0OWY3OTFhMTIzNWQ5NzVkNDJmNiIsInVzZXJfaWQiOjJ9.VDaQo68-IxpQF408odh5VXaC3EfSd1xdFaF3uHOovrs", "created_at": "2024-07-29T06:44:41.833", "expires_at": "2024-08-05T06:44:41"}}, {"model": "token_blacklist.outstandingtoken", "pk": 56, "fields": {"user": 3, "jti": "f2f961f5839040d08a6214184fab9cd5", "token": "eyJhbGciOiJIUzI1NiIsInR5cCI6IkpXVCJ9.eyJ0b2tlbl90eXBlIjoicmVmcmVzaCIsImV4cCI6MTcyMjg0NDAyOSwiaWF0IjoxNzIyMjM5MjI5LCJqdGkiOiJmMmY5NjFmNTgzOTA0MGQwOGE2MjE0MTg0ZmFiOWNkNSIsInVzZXJfaWQiOjN9.ANu42v9fadCeQt83VE8tkTxogG62Imo-Mzs6RQTBEvI", "created_at": "2024-07-29T07:47:09.524", "expires_at": "2024-08-05T07:47:09"}}, {"model": "token_blacklist.outstandingtoken", "pk": 57, "fields": {"user": 3, "jti": "ed020229c998454594b9eefab14036c2", "token": "eyJhbGciOiJIUzI1NiIsInR5cCI6IkpXVCJ9.eyJ0b2tlbl90eXBlIjoicmVmcmVzaCIsImV4cCI6MTcyMjg0NDYyMywiaWF0IjoxNzIyMjM5ODIzLCJqdGkiOiJlZDAyMDIyOWM5OTg0NTQ1OTRiOWVlZmFiMTQwMzZjMiIsInVzZXJfaWQiOjN9.r17BDf3mlgvaoHv7EO7UpFUrnQOq02cvS9BbpOqTJos", "created_at": "2024-07-29T07:57:03.871", "expires_at": "2024-08-05T07:57:03"}}, {"model": "token_blacklist.outstandingtoken", "pk": 58, "fields": {"user": 3, "jti": "01bac5060eab44ab8092bea38d648387", "token": "eyJhbGciOiJIUzI1NiIsInR5cCI6IkpXVCJ9.eyJ0b2tlbl90eXBlIjoicmVmcmVzaCIsImV4cCI6MTcyMjg0NTAyNywiaWF0IjoxNzIyMjQwMjI3LCJqdGkiOiIwMWJhYzUwNjBlYWI0NGFiODA5MmJlYTM4ZDY0ODM4NyIsInVzZXJfaWQiOjN9.7A4hYQfZ73G9R7DBzyuJp2rkjwu8zuFM6FrBxzZeAuI", "created_at": "2024-07-29T08:03:47.102", "expires_at": "2024-08-05T08:03:47"}}, {"model": "token_blacklist.outstandingtoken", "pk": 59, "fields": {"user": 3, "jti": "5104bfd02cb440768d29a69bda0c3684", "token": "eyJhbGciOiJIUzI1NiIsInR5cCI6IkpXVCJ9.eyJ0b2tlbl90eXBlIjoicmVmcmVzaCIsImV4cCI6MTcyMjg0NTA3OSwiaWF0IjoxNzIyMjQwMjc5LCJqdGkiOiI1MTA0YmZkMDJjYjQ0MDc2OGQyOWE2OWJkYTBjMzY4NCIsInVzZXJfaWQiOjN9.ghxb80zcMl1Ytaj2BZd4oQeu3NCVZIbk_n18vMJYHsQ", "created_at": "2024-07-29T08:04:39.982", "expires_at": "2024-08-05T08:04:39"}}, {"model": "token_blacklist.outstandingtoken", "pk": 60, "fields": {"user": 3, "jti": "8f8482fd0b9148129eb3b9a483038928", "token": "eyJhbGciOiJIUzI1NiIsInR5cCI6IkpXVCJ9.eyJ0b2tlbl90eXBlIjoicmVmcmVzaCIsImV4cCI6MTcyMjg0NTIzNywiaWF0IjoxNzIyMjQwNDM3LCJqdGkiOiI4Zjg0ODJmZDBiOTE0ODEyOWViM2I5YTQ4MzAzODkyOCIsInVzZXJfaWQiOjN9.lpTWhoNuYr4-QgqbjbXja8_hx_hM9L8h-Iv76Yi0rx8", "created_at": "2024-07-29T08:07:17.335", "expires_at": "2024-08-05T08:07:17"}}, {"model": "token_blacklist.outstandingtoken", "pk": 61, "fields": {"user": 3, "jti": "55ece947c3fe4f5985dc833cec1ee1bf", "token": "eyJhbGciOiJIUzI1NiIsInR5cCI6IkpXVCJ9.eyJ0b2tlbl90eXBlIjoicmVmcmVzaCIsImV4cCI6MTcyMjg0NTQ4NSwiaWF0IjoxNzIyMjQwNjg1LCJqdGkiOiI1NWVjZTk0N2MzZmU0ZjU5ODVkYzgzM2NlYzFlZTFiZiIsInVzZXJfaWQiOjN9.VL4euZD6rWcYJ3bybwmBkrnDsdVSnANhXOzp5c3Nn2w", "created_at": "2024-07-29T08:11:25.351", "expires_at": "2024-08-05T08:11:25"}}, {"model": "token_blacklist.outstandingtoken", "pk": 62, "fields": {"user": 3, "jti": "9af25a7b847b4aca86a08e3679a469a2", "token": "eyJhbGciOiJIUzI1NiIsInR5cCI6IkpXVCJ9.eyJ0b2tlbl90eXBlIjoicmVmcmVzaCIsImV4cCI6MTcyMjg0NTk2MSwiaWF0IjoxNzIyMjQxMTYxLCJqdGkiOiI5YWYyNWE3Yjg0N2I0YWNhODZhMDhlMzY3OWE0NjlhMiIsInVzZXJfaWQiOjN9.yrL6eS5iuY2SvreJxiqj7B7aVPHtL2Ob6bOUIGnPgfY", "created_at": "2024-07-29T08:19:21.332", "expires_at": "2024-08-05T08:19:21"}}, {"model": "token_blacklist.outstandingtoken", "pk": 63, "fields": {"user": 3, "jti": "ab48bdc43c6e493998f1b8ff598f428e", "token": "eyJhbGciOiJIUzI1NiIsInR5cCI6IkpXVCJ9.eyJ0b2tlbl90eXBlIjoicmVmcmVzaCIsImV4cCI6MTcyMjg0NjE5NywiaWF0IjoxNzIyMjQxMzk3LCJqdGkiOiJhYjQ4YmRjNDNjNmU0OTM5OThmMWI4ZmY1OThmNDI4ZSIsInVzZXJfaWQiOjN9.WLPtVOa9ZJYKIucwWluikV7Tpnh5KMjdQdpaBZ4V78c", "created_at": "2024-07-29T08:23:17.035", "expires_at": "2024-08-05T08:23:17"}}, {"model": "token_blacklist.outstandingtoken", "pk": 64, "fields": {"user": 3, "jti": "b37b11a8fd39454c8b44640c0e0dd7f2", "token": "eyJhbGciOiJIUzI1NiIsInR5cCI6IkpXVCJ9.eyJ0b2tlbl90eXBlIjoicmVmcmVzaCIsImV4cCI6MTcyMjg0NjQxMiwiaWF0IjoxNzIyMjQxNjEyLCJqdGkiOiJiMzdiMTFhOGZkMzk0NTRjOGI0NDY0MGMwZTBkZDdmMiIsInVzZXJfaWQiOjN9.j77pYz48S-O6-jguEMK6SUo1lZVJSWqVKrb78aZRM5Q", "created_at": "2024-07-29T08:26:52.387", "expires_at": "2024-08-05T08:26:52"}}, {"model": "token_blacklist.outstandingtoken", "pk": 65, "fields": {"user": 3, "jti": "f43437e2a5bf4cd1a0ed298853f491c6", "token": "eyJhbGciOiJIUzI1NiIsInR5cCI6IkpXVCJ9.eyJ0b2tlbl90eXBlIjoicmVmcmVzaCIsImV4cCI6MTcyMjg0NjUwNSwiaWF0IjoxNzIyMjQxNzA1LCJqdGkiOiJmNDM0MzdlMmE1YmY0Y2QxYTBlZDI5ODg1M2Y0OTFjNiIsInVzZXJfaWQiOjN9.PelHKgW_fR8yuKKB99q_2TQEWgJUSnqIASxSpfNyREI", "created_at": "2024-07-29T08:28:25.921", "expires_at": "2024-08-05T08:28:25"}}, {"model": "token_blacklist.outstandingtoken", "pk": 66, "fields": {"user": 3, "jti": "6ca00c26da00413f9493b4e407a06ec8", "token": "eyJhbGciOiJIUzI1NiIsInR5cCI6IkpXVCJ9.eyJ0b2tlbl90eXBlIjoicmVmcmVzaCIsImV4cCI6MTcyMjg0NjU2NCwiaWF0IjoxNzIyMjQxNzY0LCJqdGkiOiI2Y2EwMGMyNmRhMDA0MTNmOTQ5M2I0ZTQwN2EwNmVjOCIsInVzZXJfaWQiOjN9.zxuGLQt0qplVqSTKbUjtvMU6hHk4dRhf5v5fqWgf8UU", "created_at": "2024-07-29T08:29:24.179", "expires_at": "2024-08-05T08:29:24"}}, {"model": "token_blacklist.outstandingtoken", "pk": 67, "fields": {"user": 3, "jti": "f9cb6b3d2e224e44bb07d2b709dc96e2", "token": "eyJhbGciOiJIUzI1NiIsInR5cCI6IkpXVCJ9.eyJ0b2tlbl90eXBlIjoicmVmcmVzaCIsImV4cCI6MTcyMjg0NjU5NSwiaWF0IjoxNzIyMjQxNzk1LCJqdGkiOiJmOWNiNmIzZDJlMjI0ZTQ0YmIwN2QyYjcwOWRjOTZlMiIsInVzZXJfaWQiOjN9.EeiHFxDNH87e_5cQOdhPIb7O06zlacZa6-R2CN7N0aI", "created_at": "2024-07-29T08:29:55.602", "expires_at": "2024-08-05T08:29:55"}}, {"model": "token_blacklist.outstandingtoken", "pk": 68, "fields": {"user": 4, "jti": "96c6cc02c92b4d53a50edcd4f8928b1c", "token": "eyJhbGciOiJIUzI1NiIsInR5cCI6IkpXVCJ9.eyJ0b2tlbl90eXBlIjoicmVmcmVzaCIsImV4cCI6MTcyMjg0NzMzNiwiaWF0IjoxNzIyMjQyNTM2LCJqdGkiOiI5NmM2Y2MwMmM5MmI0ZDUzYTUwZWRjZDRmODkyOGIxYyIsInVzZXJfaWQiOjR9.U5goex0ffebXhEEU1AWGCELUC0mg0KCtmnHLKyfhlzM", "created_at": "2024-07-29T08:42:16.275", "expires_at": "2024-08-05T08:42:16"}}, {"model": "token_blacklist.outstandingtoken", "pk": 69, "fields": {"user": 3, "jti": "ac1f3648cf574eb283e40c8fdb88df16", "token": "eyJhbGciOiJIUzI1NiIsInR5cCI6IkpXVCJ9.eyJ0b2tlbl90eXBlIjoicmVmcmVzaCIsImV4cCI6MTcyMjg1Mjc5NywiaWF0IjoxNzIyMjQ3OTk3LCJqdGkiOiJhYzFmMzY0OGNmNTc0ZWIyODNlNDBjOGZkYjg4ZGYxNiIsInVzZXJfaWQiOjN9.0fEB0xTJhpD0SomL-TXT0dmb2Nj4Hqp1KmJ2hlbjyP4", "created_at": "2024-07-29T10:13:17.148", "expires_at": "2024-08-05T10:13:17"}}, {"model": "token_blacklist.outstandingtoken", "pk": 70, "fields": {"user": 3, "jti": "e2ddf913ddf94b5fb5c84d807d0c80cb", "token": "eyJhbGciOiJIUzI1NiIsInR5cCI6IkpXVCJ9.eyJ0b2tlbl90eXBlIjoicmVmcmVzaCIsImV4cCI6MTcyMjg1Mjk5NiwiaWF0IjoxNzIyMjQ4MTk2LCJqdGkiOiJlMmRkZjkxM2RkZjk0YjVmYjVjODRkODA3ZDBjODBjYiIsInVzZXJfaWQiOjN9.WpiJ1A89KvPAR4v18NK70rwohYBcylvf2ojdEkwcE-o", "created_at": "2024-07-29T10:16:36.711", "expires_at": "2024-08-05T10:16:36"}}, {"model": "token_blacklist.outstandingtoken", "pk": 71, "fields": {"user": 3, "jti": "528090739a804c249fcef9e324f783c3", "token": "eyJhbGciOiJIUzI1NiIsInR5cCI6IkpXVCJ9.eyJ0b2tlbl90eXBlIjoicmVmcmVzaCIsImV4cCI6MTcyMjg1MzAyNywiaWF0IjoxNzIyMjQ4MjI3LCJqdGkiOiI1MjgwOTA3MzlhODA0YzI0OWZjZWY5ZTMyNGY3ODNjMyIsInVzZXJfaWQiOjN9.zZ-YvYJc74NgA5g0_FtOvxQWbraB_GnOn4oAw3kvGRI", "created_at": "2024-07-29T10:17:07.749", "expires_at": "2024-08-05T10:17:07"}}, {"model": "token_blacklist.outstandingtoken", "pk": 72, "fields": {"user": 3, "jti": "4c32d61f902442b0b0a5b4eae9aae482", "token": "eyJhbGciOiJIUzI1NiIsInR5cCI6IkpXVCJ9.eyJ0b2tlbl90eXBlIjoicmVmcmVzaCIsImV4cCI6MTcyMjkxMzA2OCwiaWF0IjoxNzIyMzA4MjY4LCJqdGkiOiI0YzMyZDYxZjkwMjQ0MmIwYjBhNWI0ZWFlOWFhZTQ4MiIsInVzZXJfaWQiOjN9.YTnBAFpGY-wVyhYER87ahkRmCq9uVxDlaYvKFwbIH50", "created_at": "2024-07-30T02:57:48.954", "expires_at": "2024-08-06T02:57:48"}}, {"model": "token_blacklist.outstandingtoken", "pk": 73, "fields": {"user": 3, "jti": "cd105e03ca534f3d873d98cbc550ac08", "token": "eyJhbGciOiJIUzI1NiIsInR5cCI6IkpXVCJ9.eyJ0b2tlbl90eXBlIjoicmVmcmVzaCIsImV4cCI6MTcyMjkxMzEwNywiaWF0IjoxNzIyMzA4MzA3LCJqdGkiOiJjZDEwNWUwM2NhNTM0ZjNkODczZDk4Y2JjNTUwYWMwOCIsInVzZXJfaWQiOjN9.x_6enS5Rg0I2N_CBMruVb0ji4xfzTbQwgz1tKAMRtv8", "created_at": "2024-07-30T02:58:27.077", "expires_at": "2024-08-06T02:58:27"}}, {"model": "token_blacklist.outstandingtoken", "pk": 74, "fields": {"user": 3, "jti": "4f26083968f8476e840335815efbbebd", "token": "eyJhbGciOiJIUzI1NiIsInR5cCI6IkpXVCJ9.eyJ0b2tlbl90eXBlIjoicmVmcmVzaCIsImV4cCI6MTcyMjkxMzEyMywiaWF0IjoxNzIyMzA4MzIzLCJqdGkiOiI0ZjI2MDgzOTY4Zjg0NzZlODQwMzM1ODE1ZWZiYmViZCIsInVzZXJfaWQiOjN9.J4V4H1RScmKHJfG-xvXpesNxATUJ4G3dU-841CUgO-o", "created_at": "2024-07-30T02:58:43.019", "expires_at": "2024-08-06T02:58:43"}}, {"model": "token_blacklist.outstandingtoken", "pk": 75, "fields": {"user": 3, "jti": "32fbccf2d1964438b46d122a4bf78c3c", "token": "eyJhbGciOiJIUzI1NiIsInR5cCI6IkpXVCJ9.eyJ0b2tlbl90eXBlIjoicmVmcmVzaCIsImV4cCI6MTcyMjkxMzUyMSwiaWF0IjoxNzIyMzA4NzIxLCJqdGkiOiIzMmZiY2NmMmQxOTY0NDM4YjQ2ZDEyMmE0YmY3OGMzYyIsInVzZXJfaWQiOjN9.jvGDQ8GfqFZx4nbbWtYuDcNpNFV9RwV52K43HJSCxS8", "created_at": "2024-07-30T03:05:21.050", "expires_at": "2024-08-06T03:05:21"}}, {"model": "token_blacklist.outstandingtoken", "pk": 76, "fields": {"user": 3, "jti": "06c5ec36c53342a597c396ff256ca113", "token": "eyJhbGciOiJIUzI1NiIsInR5cCI6IkpXVCJ9.eyJ0b2tlbl90eXBlIjoicmVmcmVzaCIsImV4cCI6MTcyMjkxMzY5MiwiaWF0IjoxNzIyMzA4ODkyLCJqdGkiOiIwNmM1ZWMzNmM1MzM0MmE1OTdjMzk2ZmYyNTZjYTExMyIsInVzZXJfaWQiOjN9.cP2iqX83JN06K3GYsQbhVGcdgi9ipSnhnQQGwEU1DoQ", "created_at": "2024-07-30T03:08:12.358", "expires_at": "2024-08-06T03:08:12"}}, {"model": "token_blacklist.outstandingtoken", "pk": 77, "fields": {"user": 3, "jti": "9c223a9963554bdcbeaf3eb5a7bcd36a", "token": "eyJhbGciOiJIUzI1NiIsInR5cCI6IkpXVCJ9.eyJ0b2tlbl90eXBlIjoicmVmcmVzaCIsImV4cCI6MTcyMjkxNDkzOSwiaWF0IjoxNzIyMzEwMTM5LCJqdGkiOiI5YzIyM2E5OTYzNTU0YmRjYmVhZjNlYjVhN2JjZDM2YSIsInVzZXJfaWQiOjN9.tHxS9kbIjYMie5Rj3nNiC2GkuxbqWymmCbsRd33lOJM", "created_at": "2024-07-30T03:28:59.851", "expires_at": "2024-08-06T03:28:59"}}, {"model": "token_blacklist.outstandingtoken", "pk": 78, "fields": {"user": 3, "jti": "417d618bd59d4a4c8e405d24b2b6557e", "token": "eyJhbGciOiJIUzI1NiIsInR5cCI6IkpXVCJ9.eyJ0b2tlbl90eXBlIjoicmVmcmVzaCIsImV4cCI6MTcyMjk1ODk3NCwiaWF0IjoxNzIyMzU0MTc0LCJqdGkiOiI0MTdkNjE4YmQ1OWQ0YTRjOGU0MDVkMjRiMmI2NTU3ZSIsInVzZXJfaWQiOjN9.dSJP4q8Dtg8gRGxRfb3BtH_MIK6zJFU5dTDy0V2KA1U", "created_at": "2024-07-30T15:42:54.621", "expires_at": "2024-08-06T15:42:54"}}, {"model": "token_blacklist.outstandingtoken", "pk": 79, "fields": {"user": 3, "jti": "974d3b31b2fd4675a8fa18d63b7bc95e", "token": "eyJhbGciOiJIUzI1NiIsInR5cCI6IkpXVCJ9.eyJ0b2tlbl90eXBlIjoicmVmcmVzaCIsImV4cCI6MTcyMjk5NTk3NiwiaWF0IjoxNzIyMzkxMTc2LCJqdGkiOiI5NzRkM2IzMWIyZmQ0Njc1YThmYTE4ZDYzYjdiYzk1ZSIsInVzZXJfaWQiOjN9.AEZazhqEx8vZS948lb0Gmydd3eYyM-bxmAwW4Zl02gw", "created_at": "2024-07-31T01:59:36.860", "expires_at": "2024-08-07T01:59:36"}}, {"model": "token_blacklist.outstandingtoken", "pk": 80, "fields": {"user": 3, "jti": "4db3fb85e9294e8b85b1d313f50d18ec", "token": "eyJhbGciOiJIUzI1NiIsInR5cCI6IkpXVCJ9.eyJ0b2tlbl90eXBlIjoicmVmcmVzaCIsImV4cCI6MTcyMzA5Njg0NiwiaWF0IjoxNzIyNDkyMDQ2LCJqdGkiOiI0ZGIzZmI4NWU5Mjk0ZThiODViMWQzMTNmNTBkMThlYyIsInVzZXJfaWQiOjN9.pO0WMfsLdCozMKehSmHv9Cw2ewn3bZfHzYUz9_rG23Y", "created_at": "2024-08-01T06:00:46.127", "expires_at": "2024-08-08T06:00:46"}}, {"model": "token_blacklist.outstandingtoken", "pk": 81, "fields": {"user": 3, "jti": "348330eb70064c3ab6ecf46efbb66cad", "token": "eyJhbGciOiJIUzI1NiIsInR5cCI6IkpXVCJ9.eyJ0b2tlbl90eXBlIjoicmVmcmVzaCIsImV4cCI6MTcyMzExOTcyMSwiaWF0IjoxNzIyNTE0OTIxLCJqdGkiOiIzNDgzMzBlYjcwMDY0YzNhYjZlY2Y0NmVmYmI2NmNhZCIsInVzZXJfaWQiOjN9.1hZmng8nvCtKnkUk-6VeqwixESxajw8FQ2yvwybBJRE", "created_at": "2024-08-01T12:22:01.255", "expires_at": "2024-08-08T12:22:01"}}, {"model": "token_blacklist.outstandingtoken", "pk": 82, "fields": {"user": 3, "jti": "002c615fb8244475b84ee352eecc12a7", "token": "eyJhbGciOiJIUzI1NiIsInR5cCI6IkpXVCJ9.eyJ0b2tlbl90eXBlIjoicmVmcmVzaCIsImV4cCI6MTcyMzEyODIzNCwiaWF0IjoxNzIyNTIzNDM0LCJqdGkiOiIwMDJjNjE1ZmI4MjQ0NDc1Yjg0ZWUzNTJlZWNjMTJhNyIsInVzZXJfaWQiOjN9.bDCbnH-TfqTC-65Nkoi6d3s8elxXBRsn0CFjRf3oNz0", "created_at": "2024-08-01T14:43:54.730", "expires_at": "2024-08-08T14:43:54"}}, {"model": "token_blacklist.outstandingtoken", "pk": 83, "fields": {"user": 3, "jti": "a03e84a2a79f44338518c6c499c040a2", "token": "eyJhbGciOiJIUzI1NiIsInR5cCI6IkpXVCJ9.eyJ0b2tlbl90eXBlIjoicmVmcmVzaCIsImV4cCI6MTcyMzEyODgxMywiaWF0IjoxNzIyNTI0MDEzLCJqdGkiOiJhMDNlODRhMmE3OWY0NDMzODUxOGM2YzQ5OWMwNDBhMiIsInVzZXJfaWQiOjN9.a_PIKAIHirh9SnG1Z6MjV2zqhrTvyfW8BagV2gyEYbA", "created_at": "2024-08-01T14:53:33.850", "expires_at": "2024-08-08T14:53:33"}}, {"model": "token_blacklist.outstandingtoken", "pk": 84, "fields": {"user": 3, "jti": "a860395a7bd94c41b23810aa59b97f1c", "token": "eyJhbGciOiJIUzI1NiIsInR5cCI6IkpXVCJ9.eyJ0b2tlbl90eXBlIjoicmVmcmVzaCIsImV4cCI6MTcyMzE2ODk4MiwiaWF0IjoxNzIyNTY0MTgyLCJqdGkiOiJhODYwMzk1YTdiZDk0YzQxYjIzODEwYWE1OWI5N2YxYyIsInVzZXJfaWQiOjN9.Rvg52T-KIB59pyNlD2XMTc9-71lqwmsnM3K7zwR2v14", "created_at": "2024-08-02T02:03:02.316", "expires_at": "2024-08-09T02:03:02"}}, {"model": "token_blacklist.outstandingtoken", "pk": 85, "fields": {"user": 3, "jti": "1f7994afee4a41ada8ecf60383bf5e82", "token": "eyJhbGciOiJIUzI1NiIsInR5cCI6IkpXVCJ9.eyJ0b2tlbl90eXBlIjoicmVmcmVzaCIsImV4cCI6MTcyMzE3MTA2NCwiaWF0IjoxNzIyNTY2MjY0LCJqdGkiOiIxZjc5OTRhZmVlNGE0MWFkYThlY2Y2MDM4M2JmNWU4MiIsInVzZXJfaWQiOjN9.SgCI0lq7YP25mah7TZCNuXWgOF21eVrb3phRC48AH7c", "created_at": "2024-08-02T02:37:44.768", "expires_at": "2024-08-09T02:37:44"}}, {"model": "token_blacklist.outstandingtoken", "pk": 86, "fields": {"user": 3, "jti": "fd1c426528434f54be8c51d29929bf5f", "token": "eyJhbGciOiJIUzI1NiIsInR5cCI6IkpXVCJ9.eyJ0b2tlbl90eXBlIjoicmVmcmVzaCIsImV4cCI6MTcyMzE3NDI4MiwiaWF0IjoxNzIyNTY5NDgyLCJqdGkiOiJmZDFjNDI2NTI4NDM0ZjU0YmU4YzUxZDI5OTI5YmY1ZiIsInVzZXJfaWQiOjN9.bXjEFJVjTWrFqCoPyeYeaPVDprLvN9Jmc-qk_fE-OB8", "created_at": "2024-08-02T03:31:22.099", "expires_at": "2024-08-09T03:31:22"}}, {"model": "token_blacklist.outstandingtoken", "pk": 87, "fields": {"user": 4, "jti": "aab22ac8996145a9bb959af6e9b18845", "token": "eyJhbGciOiJIUzI1NiIsInR5cCI6IkpXVCJ9.eyJ0b2tlbl90eXBlIjoicmVmcmVzaCIsImV4cCI6MTcyMzE4OTE2MCwiaWF0IjoxNzIyNTg0MzYwLCJqdGkiOiJhYWIyMmFjODk5NjE0NWE5YmI5NTlhZjZlOWIxODg0NSIsInVzZXJfaWQiOjR9.Mb7HZwjo-8SrjdmMIBehC7Th3fFPybay0-r-Nnu_OeA", "created_at": "2024-08-02T07:39:20.716", "expires_at": "2024-08-09T07:39:20"}}, {"model": "token_blacklist.outstandingtoken", "pk": 88, "fields": {"user": 4, "jti": "85bd254608b147788f7d5a123122b3ed", "token": "eyJhbGciOiJIUzI1NiIsInR5cCI6IkpXVCJ9.eyJ0b2tlbl90eXBlIjoicmVmcmVzaCIsImV4cCI6MTcyMzE4OTczNSwiaWF0IjoxNzIyNTg0OTM1LCJqdGkiOiI4NWJkMjU0NjA4YjE0Nzc4OGY3ZDVhMTIzMTIyYjNlZCIsInVzZXJfaWQiOjR9.7fxvDC49MmMc2MlxUDVRZfozudkOK2MQrAL28oxh9yY", "created_at": "2024-08-02T07:48:55.719", "expires_at": "2024-08-09T07:48:55"}}, {"model": "token_blacklist.outstandingtoken", "pk": 89, "fields": {"user": 4, "jti": "302bf63a0bc84b58b6b8a0f404d6af12", "token": "eyJhbGciOiJIUzI1NiIsInR5cCI6IkpXVCJ9.eyJ0b2tlbl90eXBlIjoicmVmcmVzaCIsImV4cCI6MTcyMzE4OTc3OSwiaWF0IjoxNzIyNTg0OTc5LCJqdGkiOiIzMDJiZjYzYTBiYzg0YjU4YjZiOGEwZjQwNGQ2YWYxMiIsInVzZXJfaWQiOjR9.2UXSyswoV_IOhUwWnl_QMqwc5p0CCN1idkj1e390EXI", "created_at": "2024-08-02T07:49:39.798", "expires_at": "2024-08-09T07:49:39"}}, {"model": "token_blacklist.outstandingtoken", "pk": 90, "fields": {"user": 4, "jti": "0ab1cb5b613443a292f76f981dc66b23", "token": "eyJhbGciOiJIUzI1NiIsInR5cCI6IkpXVCJ9.eyJ0b2tlbl90eXBlIjoicmVmcmVzaCIsImV4cCI6MTcyMzE4OTgwOSwiaWF0IjoxNzIyNTg1MDA5LCJqdGkiOiIwYWIxY2I1YjYxMzQ0M2EyOTJmNzZmOTgxZGM2NmIyMyIsInVzZXJfaWQiOjR9.5B14E5rLCLNDfj4VSp9fBSUUmkzj4Xf0LzH8UwYwln4", "created_at": "2024-08-02T07:50:09.416", "expires_at": "2024-08-09T07:50:09"}}, {"model": "token_blacklist.outstandingtoken", "pk": 91, "fields": {"user": 3, "jti": "07002ccec8634c32818e8ab881dd70f2", "token": "eyJhbGciOiJIUzI1NiIsInR5cCI6IkpXVCJ9.eyJ0b2tlbl90eXBlIjoicmVmcmVzaCIsImV4cCI6MTcyMzIxMjYxMSwiaWF0IjoxNzIyNjA3ODExLCJqdGkiOiIwNzAwMmNjZWM4NjM0YzMyODE4ZThhYjg4MWRkNzBmMiIsInVzZXJfaWQiOjN9.e2v3fkJpBG00NrpRuRdAXQLGOYhI0cn0Sq7NCxj5H6c", "created_at": "2024-08-02T14:10:11.355", "expires_at": "2024-08-09T14:10:11"}}, {"model": "token_blacklist.outstandingtoken", "pk": 92, "fields": {"user": 3, "jti": "b665bea16d974304b2c91ab0f1bc7a90", "token": "eyJhbGciOiJIUzI1NiIsInR5cCI6IkpXVCJ9.eyJ0b2tlbl90eXBlIjoicmVmcmVzaCIsImV4cCI6MTcyMzIxNzEzMiwiaWF0IjoxNzIyNjEyMzMyLCJqdGkiOiJiNjY1YmVhMTZkOTc0MzA0YjJjOTFhYjBmMWJjN2E5MCIsInVzZXJfaWQiOjN9.J_auy8eA-53oI1TYocYAQh6bGgbTkVF5zu4zJ3H1f9I", "created_at": "2024-08-02T15:25:32.914", "expires_at": "2024-08-09T15:25:32"}}, {"model": "token_blacklist.outstandingtoken", "pk": 93, "fields": {"user": 3, "jti": "1d9b513e5a794fb7a1688adaa442c3cc", "token": "eyJhbGciOiJIUzI1NiIsInR5cCI6IkpXVCJ9.eyJ0b2tlbl90eXBlIjoicmVmcmVzaCIsImV4cCI6MTcyMzIxNzE3NiwiaWF0IjoxNzIyNjEyMzc2LCJqdGkiOiIxZDliNTEzZTVhNzk0ZmI3YTE2ODhhZGFhNDQyYzNjYyIsInVzZXJfaWQiOjN9.jUK7UQ2rOvSMsPBoONLqZImhDJVw6Xgkh43k1Ps_7bc", "created_at": "2024-08-02T15:26:16.019", "expires_at": "2024-08-09T15:26:16"}}, {"model": "token_blacklist.outstandingtoken", "pk": 94, "fields": {"user": 3, "jti": "f851cd41bc274bb6bb4b4158ecde3032", "token": "eyJhbGciOiJIUzI1NiIsInR5cCI6IkpXVCJ9.eyJ0b2tlbl90eXBlIjoicmVmcmVzaCIsImV4cCI6MTcyMzIxOTE1NywiaWF0IjoxNzIyNjE0MzU3LCJqdGkiOiJmODUxY2Q0MWJjMjc0YmI2YmI0YjQxNThlY2RlMzAzMiIsInVzZXJfaWQiOjN9.efjgQfiYvHItn45ImB0dKXUVl9HlY_jSLgPBq1pUiqQ", "created_at": "2024-08-02T15:59:17.702", "expires_at": "2024-08-09T15:59:17"}}, {"model": "token_blacklist.outstandingtoken", "pk": 95, "fields": {"user": 3, "jti": "94849ee5f9d14b53a1fe94acc88dd805", "token": "eyJhbGciOiJIUzI1NiIsInR5cCI6IkpXVCJ9.eyJ0b2tlbl90eXBlIjoicmVmcmVzaCIsImV4cCI6MTcyMzIxOTE2OSwiaWF0IjoxNzIyNjE0MzY5LCJqdGkiOiI5NDg0OWVlNWY5ZDE0YjUzYTFmZTk0YWNjODhkZDgwNSIsInVzZXJfaWQiOjN9.dwXpUJzaclyjSC_nGUfzOqV_03NK5dlmlbVPIYRCap0", "created_at": "2024-08-02T15:59:29.698", "expires_at": "2024-08-09T15:59:29"}}, {"model": "token_blacklist.outstandingtoken", "pk": 96, "fields": {"user": 3, "jti": "42eb7e5a4dc04f32bd4d07d472b8c2d7", "token": "eyJhbGciOiJIUzI1NiIsInR5cCI6IkpXVCJ9.eyJ0b2tlbl90eXBlIjoicmVmcmVzaCIsImV4cCI6MTcyMzIyMDkzNSwiaWF0IjoxNzIyNjE2MTM1LCJqdGkiOiI0MmViN2U1YTRkYzA0ZjMyYmQ0ZDA3ZDQ3MmI4YzJkNyIsInVzZXJfaWQiOjN9.1lzf3vOv3LsHBaYuhy4N_vvUD1YuW6xGu1U_eG2YKUE", "created_at": "2024-08-02T16:28:55.932", "expires_at": "2024-08-09T16:28:55"}}, {"model": "token_blacklist.outstandingtoken", "pk": 97, "fields": {"user": 2, "jti": "1447427f197e4322b56999228427ed79", "token": "eyJhbGciOiJIUzI1NiIsInR5cCI6IkpXVCJ9.eyJ0b2tlbl90eXBlIjoicmVmcmVzaCIsImV4cCI6MTcyMzI1NjI3NywiaWF0IjoxNzIyNjUxNDc3LCJqdGkiOiIxNDQ3NDI3ZjE5N2U0MzIyYjU2OTk5MjI4NDI3ZWQ3OSIsInVzZXJfaWQiOjJ9.Ge1s225tGfXEUtg2JMeQapHWXtlt0JEA5_s_XM5IMqs", "created_at": "2024-08-03T02:17:57.810", "expires_at": "2024-08-10T02:17:57"}}, {"model": "token_blacklist.outstandingtoken", "pk": 98, "fields": {"user": 2, "jti": "97b08839c3ea40dfa1b308ca49b09759", "token": "eyJhbGciOiJIUzI1NiIsInR5cCI6IkpXVCJ9.eyJ0b2tlbl90eXBlIjoicmVmcmVzaCIsImV4cCI6MTcyMzI1NjU0NiwiaWF0IjoxNzIyNjUxNzQ2LCJqdGkiOiI5N2IwODgzOWMzZWE0MGRmYTFiMzA4Y2E0OWIwOTc1OSIsInVzZXJfaWQiOjJ9.Mb_Tru9vTyzEwxvrVDlGp_enW2BUvNz_OqkUqV4MZnc", "created_at": "2024-08-03T02:22:26.903", "expires_at": "2024-08-10T02:22:26"}}, {"model": "token_blacklist.outstandingtoken", "pk": 99, "fields": {"user": 2, "jti": "8d2b03a46b2e46b7a7d1843da91e671d", "token": "eyJhbGciOiJIUzI1NiIsInR5cCI6IkpXVCJ9.eyJ0b2tlbl90eXBlIjoicmVmcmVzaCIsImV4cCI6MTcyMzI2MDIxNSwiaWF0IjoxNzIyNjU1NDE1LCJqdGkiOiI4ZDJiMDNhNDZiMmU0NmI3YTdkMTg0M2RhOTFlNjcxZCIsInVzZXJfaWQiOjJ9.LseGwRs5C3dDu0DLfbTsmR07-4osmI1S2tMJpvbyi74", "created_at": "2024-08-03T03:23:35.194", "expires_at": "2024-08-10T03:23:35"}}, {"model": "token_blacklist.outstandingtoken", "pk": 100, "fields": {"user": 2, "jti": "0dcdc8339a1c4e229a0c58a3f8d26253", "token": "eyJhbGciOiJIUzI1NiIsInR5cCI6IkpXVCJ9.eyJ0b2tlbl90eXBlIjoicmVmcmVzaCIsImV4cCI6MTcyMzI2MTcxNywiaWF0IjoxNzIyNjU2OTE3LCJqdGkiOiIwZGNkYzgzMzlhMWM0ZTIyOWEwYzU4YTNmOGQyNjI1MyIsInVzZXJfaWQiOjJ9.JNI0d96t3OoftCcUerhwods5V2ZoCIMLevC0ZsN5hkg", "created_at": "2024-08-03T03:48:37.931", "expires_at": "2024-08-10T03:48:37"}}, {"model": "token_blacklist.outstandingtoken", "pk": 101, "fields": {"user": 3, "jti": "127a5a29fac44b8a81442495e35f4c06", "token": "eyJhbGciOiJIUzI1NiIsInR5cCI6IkpXVCJ9.eyJ0b2tlbl90eXBlIjoicmVmcmVzaCIsImV4cCI6MTcyMzI2MTc2OCwiaWF0IjoxNzIyNjU2OTY4LCJqdGkiOiIxMjdhNWEyOWZhYzQ0YjhhODE0NDI0OTVlMzVmNGMwNiIsInVzZXJfaWQiOjN9.zey4f4p8hhFfG6KhnrMySmzmR0GBl5LzZxZ9E2Sybrk", "created_at": "2024-08-03T03:49:28.546", "expires_at": "2024-08-10T03:49:28"}}, {"model": "token_blacklist.outstandingtoken", "pk": 102, "fields": {"user": 3, "jti": "a5f5f9749de9499c830a5ba680a20986", "token": "eyJhbGciOiJIUzI1NiIsInR5cCI6IkpXVCJ9.eyJ0b2tlbl90eXBlIjoicmVmcmVzaCIsImV4cCI6MTcyMzI2MTkxNCwiaWF0IjoxNzIyNjU3MTE0LCJqdGkiOiJhNWY1Zjk3NDlkZTk0OTljODMwYTViYTY4MGEyMDk4NiIsInVzZXJfaWQiOjN9.-VftJdaab2MPh3PsVeMXuB4baS0CcyjZ_eW5c0NgLDM", "created_at": "2024-08-03T03:51:54.347", "expires_at": "2024-08-10T03:51:54"}}, {"model": "token_blacklist.outstandingtoken", "pk": 103, "fields": {"user": 2, "jti": "00ff1fbcfff84abbb3c1cdf0ee72f3bc", "token": "eyJhbGciOiJIUzI1NiIsInR5cCI6IkpXVCJ9.eyJ0b2tlbl90eXBlIjoicmVmcmVzaCIsImV4cCI6MTcyMzI2NTU2NiwiaWF0IjoxNzIyNjYwNzY2LCJqdGkiOiIwMGZmMWZiY2ZmZjg0YWJiYjNjMWNkZjBlZTcyZjNiYyIsInVzZXJfaWQiOjJ9.MpQhv6bzuq4hTQMv2tXZoa_4u2gGt1FtXPMGwXf-wnQ", "created_at": "2024-08-03T04:52:46.798", "expires_at": "2024-08-10T04:52:46"}}, {"model": "token_blacklist.outstandingtoken", "pk": 104, "fields": {"user": 2, "jti": "7f8afaec4d02401f82f03a616827e1e8", "token": "eyJhbGciOiJIUzI1NiIsInR5cCI6IkpXVCJ9.eyJ0b2tlbl90eXBlIjoicmVmcmVzaCIsImV4cCI6MTcyMzI2NjAzNCwiaWF0IjoxNzIyNjYxMjM0LCJqdGkiOiI3ZjhhZmFlYzRkMDI0MDFmODJmMDNhNjE2ODI3ZTFlOCIsInVzZXJfaWQiOjJ9.2UPqawsdSKREm5mdzewhwYoL4DJllEx_dl7IpZKRy9g", "created_at": "2024-08-03T05:00:34.409", "expires_at": "2024-08-10T05:00:34"}}, {"model": "token_blacklist.outstandingtoken", "pk": 105, "fields": {"user": 2, "jti": "c61cf6456a1d4ece9a02201c5aece7e1", "token": "eyJhbGciOiJIUzI1NiIsInR5cCI6IkpXVCJ9.eyJ0b2tlbl90eXBlIjoicmVmcmVzaCIsImV4cCI6MTcyMzI2ODY2MCwiaWF0IjoxNzIyNjYzODYwLCJqdGkiOiJjNjFjZjY0NTZhMWQ0ZWNlOWEwMjIwMWM1YWVjZTdlMSIsInVzZXJfaWQiOjJ9.l7E9j0VGP_Qa7QyhqJxZU-daFYfA7In2APpPxrE1MHw", "created_at": "2024-08-03T05:44:20.566", "expires_at": "2024-08-10T05:44:20"}}, {"model": "token_blacklist.outstandingtoken", "pk": 106, "fields": {"user": 6, "jti": "cff1acf4e78641049417517793eaf052", "token": "eyJhbGciOiJIUzI1NiIsInR5cCI6IkpXVCJ9.eyJ0b2tlbl90eXBlIjoicmVmcmVzaCIsImV4cCI6MTcyMzI2ODcyNywiaWF0IjoxNzIyNjYzOTI3LCJqdGkiOiJjZmYxYWNmNGU3ODY0MTA0OTQxNzUxNzc5M2VhZjA1MiIsInVzZXJfaWQiOjZ9.hzBXTXclcTHj8NTipvvYDCteQP_JUaCDWLtW3mMrTYE", "created_at": "2024-08-03T05:45:27.927", "expires_at": "2024-08-10T05:45:27"}}, {"model": "token_blacklist.outstandingtoken", "pk": 107, "fields": {"user": 2, "jti": "213bbea37e38423db0e2c723da7eca8c", "token": "eyJhbGciOiJIUzI1NiIsInR5cCI6IkpXVCJ9.eyJ0b2tlbl90eXBlIjoicmVmcmVzaCIsImV4cCI6MTcyMzI3MzU4MiwiaWF0IjoxNzIyNjY4NzgyLCJqdGkiOiIyMTNiYmVhMzdlMzg0MjNkYjBlMmM3MjNkYTdlY2E4YyIsInVzZXJfaWQiOjJ9.pDaI04N7B-As8ou45Iu2Hf61zle3931SLmSM7KXEW-o", "created_at": "2024-08-03T07:06:22.037", "expires_at": "2024-08-10T07:06:22"}}, {"model": "token_blacklist.outstandingtoken", "pk": 108, "fields": {"user": 2, "jti": "cbab5d7b98324cdbb21436efa1d35204", "token": "eyJhbGciOiJIUzI1NiIsInR5cCI6IkpXVCJ9.eyJ0b2tlbl90eXBlIjoicmVmcmVzaCIsImV4cCI6MTcyMzI5MzUyNSwiaWF0IjoxNzIyNjg4NzI1LCJqdGkiOiJjYmFiNWQ3Yjk4MzI0Y2RiYjIxNDM2ZWZhMWQzNTIwNCIsInVzZXJfaWQiOjJ9.PVb88ZqWThvQ-W5Adf8HD9ffRDwwBTGGh0wol5uKoUE", "created_at": "2024-08-03T12:38:45.225", "expires_at": "2024-08-10T12:38:45"}}, {"model": "token_blacklist.outstandingtoken", "pk": 109, "fields": {"user": 7, "jti": "e1257520a394447481cb51a83a407cc2", "token": "eyJhbGciOiJIUzI1NiIsInR5cCI6IkpXVCJ9.eyJ0b2tlbl90eXBlIjoicmVmcmVzaCIsImV4cCI6MTcyMzM0MzY3MywiaWF0IjoxNzIyNzM4ODczLCJqdGkiOiJlMTI1NzUyMGEzOTQ0NDc0ODFjYjUxYTgzYTQwN2NjMiIsInVzZXJfaWQiOjd9.CgxBqG7ajF8ask3SJy72w23vlCQKi00fAhd-Fmb48K8", "created_at": "2024-08-04T02:34:33.139", "expires_at": "2024-08-11T02:34:33"}}, {"model": "token_blacklist.outstandingtoken", "pk": 110, "fields": {"user": 2, "jti": "fcf0edb6f3a64e07884564b4e8b1b6e0", "token": "eyJhbGciOiJIUzI1NiIsInR5cCI6IkpXVCJ9.eyJ0b2tlbl90eXBlIjoicmVmcmVzaCIsImV4cCI6MTcyMzM0ODU0NSwiaWF0IjoxNzIyNzQzNzQ1LCJqdGkiOiJmY2YwZWRiNmYzYTY0ZTA3ODg0NTY0YjRlOGIxYjZlMCIsInVzZXJfaWQiOjJ9.aVeCu6A3UO0X1Qg6AnUzTJ_TkkUnHV2-aA2MaZUUDls", "created_at": "2024-08-04T03:55:45.551", "expires_at": "2024-08-11T03:55:45"}}, {"model": "account.emailaddress", "pk": 1, "fields": {"user": 2, "email": "minwin0130@hanmail.net", "verified": true, "primary": true}}, {"model": "account.emailaddress", "pk": 2, "fields": {"user": 3, "email": "sjp0805@naver.com", "verified": true, "primary": true}}, {"model": "account.emailaddress", "pk": 3, "fields": {"user": 4, "email": "warmday777@gmail.com", "verified": true, "primary": true}}, {"model": "account.emailaddress", "pk": 4, "fields": {"user": 6, "email": "min031106@naver.com", "verified": true, "primary": true}}, {"model": "account.emailaddress", "pk": 5, "fields": {"user": 7, "email": "psh850000@naver.com", "verified": true, "primary": true}}, {"model": "socialaccount.socialapp", "pk": 1, "fields": {"provider": "kakao", "provider_id": "kakao", "name": "kakao", "client_id": "570f23b04916d6102025c6f1912355d9", "secret": "", "key": "", "settings": {}, "sites": [1]}}, {"model": "socialaccount.socialaccount", "pk": 1, "fields": {"user": 2, "provider": "kakao", "uid": "3618736553", "last_login": "2024-08-04T12:55:45.542", "date_joined": "2024-07-26T18:28:56.486", "extra_data": {"id": 3618736553, "connected_at": "2024-07-12T04:18:19Z", "properties": {"nickname": "", "profile_image": "http://t1.kakaocdn.net/account_images/default_profile.jpeg.twg.thumb.R640x640", "thumbnail_image": "http://t1.kakaocdn.net/account_images/default_profile.jpeg.twg.thumb.R110x110"}, "kakao_account": {"profile_nickname_needs_agreement": false, "profile_image_needs_agreement": false, "profile": {"nickname": "", "thumbnail_image_url": "http://t1.kakaocdn.net/account_images/default_profile.jpeg.twg.thumb.R110x110", "profile_image_url": "http://t1.kakaocdn.net/account_images/default_profile.jpeg.twg.thumb.R640x640", "is_default_image": true, "is_default_nickname": false}, "has_email": true, "email_needs_agreement": false, "is_email_valid": true, "is_email_verified": true, "email": "minwin0130@hanmail.net"}}}}, {"model": "socialaccount.socialaccount", "pk": 2, "fields": {"user": 3, "provider": "kakao", "uid": "3638646175", "last_login": "2024-08-03T12:51:54.302", "date_joined": "2024-07-26T18:31:00.691", "extra_data": {"id": 3638646175, "connected_at": "2024-07-26T09:31:01Z", "properties": {"nickname": "", "profile_image": "http://k.kakaocdn.net/dn/bkTE68/btsIJdPDJtN/luiTshnHyhxkXfDX0SbElK/img_640x640.jpg", "thumbnail_image": "http://k.kakaocdn.net/dn/bkTE68/btsIJdPDJtN/luiTshnHyhxkXfDX0SbElK/img_110x110.jpg"}, "kakao_account": {"profile_nickname_needs_agreement": false, "profile_image_needs_agreement": false, "profile": {"nickname": "", "thumbnail_image_url": "http://k.kakaocdn.net/dn/bkTE68/btsIJdPDJtN/luiTshnHyhxkXfDX0SbElK/img_110x110.jpg", "profile_image_url": "http://k.kakaocdn.net/dn/bkTE68/btsIJdPDJtN/luiTshnHyhxkXfDX0SbElK/img_640x640.jpg", "is_default_image": false, "is_default_nickname": false}, "has_email": true, "email_needs_agreement": false, "is_email_valid": true, "is_email_verified": true, "email": "sjp0805@naver.com"}}}}, {"model": "socialaccount.socialaccount", "pk": 3, "fields": {"user": 4, "provider": "kakao", "uid": "3635486012", "last_login": "2024-08-02T16:50:09.398", "date_joined": "2024-07-29T11:56:08.563", "extra_data": {"id": 3635486012, "connected_at": "2024-07-24T05:50:05Z", "properties": {"nickname": "", "profile_image": "http://k.kakaocdn.net/dn/VtKO9/btsIPyT2vyc/N1WnCbxkp3Xz6XskgaLj0k/img_640x640.jpg", "thumbnail_image": "http://k.kakaocdn.net/dn/VtKO9/btsIPyT2vyc/N1WnCbxkp3Xz6XskgaLj0k/img_110x110.jpg"}, "kakao_account": {"profile_nickname_needs_agreement": false, "profile_image_needs_agreement": false, "profile": {"nickname": "", "thumbnail_image_url": "http://k.kakaocdn.net/dn/VtKO9/btsIPyT2vyc/N1WnCbxkp3Xz6XskgaLj0k/img_110x110.jpg", "profile_image_url": "http://k.kakaocdn.net/dn/VtKO9/btsIPyT2vyc/N1WnCbxkp3Xz6XskgaLj0k/img_640x640.jpg", "is_default_image": false, "is_default_nickname": false}, "has_email": true, "email_needs_agreement": false, "is_email_valid": true, "is_email_verified": true, "email": "warmday777@gmail.com"}}}}, {"model": "socialaccount.socialaccount", "pk": 4, "fields": {"user": 6, "provider": "kakao", "uid": "3647153459", "last_login": "2024-08-03T14:45:27.917", "date_joined": "2024-08-03T14:45:27.917", "extra_data": {"id": 3647153459, "connected_at": "2024-08-01T13:52:48Z", "properties": {"nickname": "", "profile_image": "http://t1.kakaocdn.net/account_images/default_profile.jpeg.twg.thumb.R640x640", "thumbnail_image": "http://t1.kakaocdn.net/account_images/default_profile.jpeg.twg.thumb.R110x110"}, "kakao_account": {"profile_nickname_needs_agreement": false, "profile_image_needs_agreement": false, "profile": {"nickname": "", "thumbnail_image_url": "http://t1.kakaocdn.net/account_images/default_profile.jpeg.twg.thumb.R110x110", "profile_image_url": "http://t1.kakaocdn.net/account_images/default_profile.jpeg.twg.thumb.R640x640", "is_default_image": true, "is_default_nickname": false}, "has_email": true, "email_needs_agreement": false, "is_email_valid": true, "is_email_verified": true, "email": "min031106@naver.com"}}}}, {"model": "socialaccount.socialaccount", "pk": 5, "fields": {"user": 7, "provider": "kakao", "uid": "3622742500", "last_login": "2024-08-04T11:34:33.125", "date_joined": "2024-08-04T11:34:33.125", "extra_data": {"id": 3622742500, "connected_at": "2024-07-15T04:59:54Z", "properties": {"nickname": "", "profile_image": "http://t1.kakaocdn.net/account_images/default_profile.jpeg.twg.thumb.R640x640", "thumbnail_image": "http://t1.kakaocdn.net/account_images/default_profile.jpeg.twg.thumb.R110x110"}, "kakao_account": {"profile_nickname_needs_agreement": false, "profile_image_needs_agreement": false, "profile": {"nickname": "", "thumbnail_image_url": "http://t1.kakaocdn.net/account_images/default_profile.jpeg.twg.thumb.R110x110", "profile_image_url": "http://t1.kakaocdn.net/account_images/default_profile.jpeg.twg.thumb.R640x640", "is_default_image": true, "is_default_nickname": false}, "has_email": true, "email_needs_agreement": false, "is_email_valid": true, "is_email_verified": true, "email": "psh850000@naver.com"}}}}]